,Unnamed: 0_x,Rk,Player,Age,Team_x,Pos,GP_x,GS,W,L,T/O,GA,Shots,SV,SV%,GAA,SO,MIN,QS,QS%,RBS,GA%-,GSAA,GAA/A,GPS,G_x,A_x,PTS,PIM_x,Awards,Unnamed: 0_y,Round,Draft Position,Position,Team_y,Seasons,GP_y,G_y,A_y,TP,PIM_y,Year,PPS
0,124.0,82.0,Jack Campbell,25.0,LAK,G,201.0,189.0,104.0,63.0,21.0,522.0,5716.0,5194.0,1.0,0.0,10.0,20:00266:371592:461566:591201:38365:211284:242795:242026:23266:47,94.0,0.0,0.0,0.0,0.4,0.0,0.1,0.0,0.0,0.0,0.0,0,10,1,11,G,Dallas Stars,10,176,0,0,0,0,2010,0.0
1,0.0,0.0,Mark Visentin,0.0,0,0,0.0,0.0,0.0,0.0,0.0,0.0,0.0,0.0,0.0,0.0,0.0,0,0.0,0.0,0.0,0.0,0.0,0.0,0.0,0.0,0.0,0.0,0.0,0,26,1,27,G,Phoenix Coyotes,1,1,0,0,0,0,2010,0.0
2,57.0,58.0,Calvin Pickard,22.0,COL,G,156.0,125.0,51.0,67.0,13.0,410.0,4161.0,3751.0,0.932,2.35,6.0,895:06985:262820:1662:35746:48464:10282:38164:53303:31125:381296:21,59.0,1.0,1.0,80.0,8.6,2.82,4.1,0.0,0.0,0.0,0.0,0,48,2,49,G,Colorado Avalanche,12,150,0,0,0,0,2010,0.0
3,0.0,0.0,Kent Simpson,0.0,0,0,0.0,0.0,0.0,0.0,0.0,0.0,0.0,0.0,0.0,0.0,0.0,0,0.0,0.0,0.0,0.0,0.0,0.0,0.0,0.0,0.0,0.0,0.0,0,57,2,58,G,Chicago Blackhawks,1,1,0,0,0,0,2010,0.0
4,102.0,77.0,Scott Wedgewood,23.0,NJD,G,167.0,146.0,61.0,63.0,28.0,470.0,5044.0,4574.0,0.957,1.25,7.0,240:451096:30888:022104:48169:261481:26453:561126:461789:08,69.0,0.75,0.0,51.0,4.9,1.5,1.3,0.0,0.0,0.0,0.0,0,83,3,84,G,New Jersey Devils,8,140,0,0,0,0,2010,0.0
5,0.0,0.0,Sam Brittain,0.0,0,0,0.0,0.0,0.0,0.0,0.0,0.0,0.0,0.0,0.0,0.0,0.0,0,0.0,0.0,0.0,0.0,0.0,0.0,0.0,0.0,0.0,0.0,0.0,0,91,4,92,G,Florida Panthers,1,0,0,0,0,0,2010,0.0
6,0.0,0.0,Mathieu Corbeil,0.0,0,0,0.0,0.0,0.0,0.0,0.0,0.0,0.0,0.0,0.0,0.0,0.0,0,0.0,0.0,0.0,0.0,0.0,0.0,0.0,0.0,0.0,0.0,0.0,0,101,4,102,G,Columbus Blue Jackets,1,0,0,0,0,0,2010,0.0
7,0.0,0.0,Sami Aittokallio,0.0,0,0,0.0,0.0,0.0,0.0,0.0,0.0,0.0,0.0,0.0,0.0,0.0,0,0.0,0.0,0.0,0.0,0.0,0.0,0.0,0.0,0.0,0.0,0.0,0,106,4,107,G,Colorado Avalanche,2,2,0,0,0,0,2010,0.0
8,86.0,87.0,Philipp Grubauer,23.0,WSH,G,325.0,296.0,152.0,116.0,27.0,774.0,8567.0,7793.0,0.926,1.85,22.0,65:001111:021264:341864:482020:442057:062366:523111:252065:371996:36,158.0,1.0,0.0,94.0,0.1,1.85,0.2,0.0,0.0,0.0,0.0,0,111,4,112,G,Washington Capitals,13,356,0,0,0,0,2010,0.0
9,84.0,85.0,Tyler Bunz,22.0,EDM,G,1.0,0.0,0.0,0.0,0.0,3.0,12.0,9.0,0.75,9.0,0.0,20:00,0.0,0.0,0.0,293.0,-2.0,12.0,-0.2,0.0,0.0,0.0,0.0,0,120,5,121,G,Edmonton Oilers,1,1,0,0,0,0,2010,0.0
10,0.0,0.0,Fredrik Pettersson Wentzel,0.0,0,0,0.0,0.0,0.0,0.0,0.0,0.0,0.0,0.0,0.0,0.0,0.0,0,0.0,0.0,0.0,0.0,0.0,0.0,0.0,0.0,0.0,0.0,0.0,0,127,5,128,G,Atlanta Thrashers,0,0,0,0,0,0,2010,0.0
11,68.0,69.0,Louis Domingue,22.0,ARI,G,179.0,158.0,70.0,78.0,13.0,504.0,5154.0,4650.0,0.962,2.73,2.0,307:452206:041598:411073:46387:45686:011560:37802:19743:3258:4757:42118:4560:00,72.0,1.0,0.0,104.0,-0.5,3.31,0.9,0.0,0.0,0.0,0.0,0,137,5,138,G,Phoenix Coyotes,9,143,0,0,0,0,2010,0.0
12,0.0,0.0,Petr Mrázek,0.0,0,0,0.0,0.0,0.0,0.0,0.0,0.0,0.0,0.0,0.0,0.0,0.0,0,0.0,0.0,0.0,0.0,0.0,0.0,0.0,0.0,0.0,0.0,0.0,0,140,5,141,G,Detroit Red Wings,13,410,0,0,0,0,2010,0.0
13,0.0,0.0,Johan Gustafsson,0.0,0,0,0.0,0.0,0.0,0.0,0.0,0.0,0.0,0.0,0.0,0.0,0.0,0,0.0,0.0,0.0,0.0,0.0,0.0,0.0,0.0,0.0,0.0,0.0,0,158,6,159,G,Minnesota Wild,1,0,0,0,0,0,2010,0.0
14,119.0,65.0,Zane McIntyre,24.0,BOS,G,8.0,3.0,0.0,4.0,1.0,22.0,155.0,133.0,0.858,3.97,0.0,332:37,0.0,0.0,1.0,164.0,-8.6,4.51,-0.1,0.0,0.0,0.0,0.0,0,164,6,165,G,Boston Bruins,6,8,0,0,0,0,2010,0.0
15,0.0,0.0,Maxime Clermont,0.0,0,0,0.0,0.0,0.0,0.0,0.0,0.0,0.0,0.0,0.0,0.0,0.0,0,0.0,0.0,0.0,0.0,0.0,0.0,0.0,0.0,0.0,0.0,0.0,0,173,6,174,G,New Jersey Devils,0,0,0,0,0,0,2010,0.0
16,0.0,0.0,Jonathan Iilahti,0.0,0,0,0.0,0.0,0.0,0.0,0.0,0.0,0.0,0.0,0.0,0.0,0.0,0,0.0,0.0,0.0,0.0,0.0,0.0,0.0,0.0,0.0,0.0,0.0,0,174,6,175,G,Vancouver Canucks,0,0,0,0,0,0,2010,0.0
17,0.0,0.0,Martin Ouellette,0.0,0,0,0.0,0.0,0.0,0.0,0.0,0.0,0.0,0.0,0.0,0.0,0.0,0,0.0,0.0,0.0,0.0,0.0,0.0,0.0,0.0,0.0,0.0,0.0,0,183,7,184,G,Columbus Blue Jackets,0,0,0,0,0,0,2010,0.0
18,0.0,0.0,Cody Rosen,0.0,0,0,0.0,0.0,0.0,0.0,0.0,0.0,0.0,0.0,0.0,0.0,0.0,0,0.0,0.0,0.0,0.0,0.0,0.0,0.0,0.0,0.0,0.0,0.0,0,184,7,185,G,New York Islanders,0,0,0,0,0,0,2010,0.0
19,18.0,19.0,Frederik Andersen,25.0,ANA,G,467.0,457.0,275.0,122.0,52.0,1158.0,13678.0,12520.0,0.932,2.38,27.0,3105:432297:563799:203888:313510:153006:401420:073070:531984:21912:53,264.0,0.75,9.0,100.0,-0.4,2.82,8.6,0.0,3.0,3.0,4.0,0,186,7,187,G,Carolina Hurricanes,13,499,0,0,0,0,2010,0.0
20,0.0,0.0,Mac Carruth,0.0,0,0,0.0,0.0,0.0,0.0,0.0,0.0,0.0,0.0,0.0,0.0,0.0,0,0.0,0.0,0.0,0.0,0.0,0.0,0.0,0.0,0.0,0.0,0.0,0,190,7,191,G,Chicago Blackhawks,0,0,0,0,0,0,2010,0.0
21,109.0,86.0,Magnus Hellberg,24.0,NYR,G,43.0,31.0,13.0,16.0,2.0,112.0,1015.0,903.0,0.935,6.0,0.0,20:0078:3160:00936:2160:00876:21119:53,14.0,0.0,0.0,392.0,-1.5,6.0,-0.1,0.0,0.0,0.0,0.0,0,247,2,38,G,Nashville Predators,7,26,0,0,0,0,2011,0.0
22,46.0,47.0,John Gibson,21.0,ANA,G,474.0,463.0,190.0,206.0,61.0,1311.0,14522.0,13211.0,0.926,2.6,23.0,1339:552294:402950:213428:293233:022981:172030:303235:353004:552561:29,246.0,0.65,4.0,101.0,-0.5,3.09,4.0,0.0,0.0,0.0,0.0,0,248,2,39,G,Anaheim Ducks,12,487,0,0,0,0,2011,0.0
23,101.0,76.0,Christopher Gibson,23.0,NYI,G,16.0,12.0,4.0,5.0,3.0,43.0,434.0,391.0,0.941,3.4,0.0,194:02426:5240:00112:58,6.0,0.625,1.0,139.0,-3.1,4.02,0.2,0.0,0.0,0.0,0.0,0,258,2,49,G,Los Angeles Kings,7,16,0,0,0,0,2011,0.0
24,0.0,0.0,Samu Perhonen,0.0,0,0,0.0,0.0,0.0,0.0,0.0,0.0,0.0,0.0,0.0,0.0,0.0,0,0.0,0.0,0.0,0.0,0.0,0.0,0.0,0.0,0.0,0.0,0.0,0,271,3,62,G,Edmonton Oilers,0,0,0,0,0,0,2011,0.0
25,0.0,0.0,David Honzik,0.0,0,0,0.0,0.0,0.0,0.0,0.0,0.0,0.0,0.0,0.0,0.0,0.0,0,0.0,0.0,0.0,0.0,0.0,0.0,0.0,0.0,0.0,0.0,0.0,0,280,3,71,G,Vancouver Canucks,0,0,0,0,0,0,2011,0.0
26,105.0,81.0,Jordan Binnington,22.0,STL,G,280.0,273.0,145.0,94.0,31.0,756.0,8188.0,7432.0,0.927,4.69,15.0,12:471876:252947:412447:402144:573516:033291:29,145.0,0.0,0.0,294.0,-0.7,4.69,-0.1,0.0,0.0,0.0,0.0,0,297,3,88,G,St. Louis Blues,9,303,0,0,0,0,2011,0.0
27,0.0,0.0,Steffen Søberg,0.0,0,0,0.0,0.0,0.0,0.0,0.0,0.0,0.0,0.0,0.0,0.0,0.0,0,0.0,0.0,0.0,0.0,0.0,0.0,0.0,0.0,0.0,0.0,0.0,0,326,4,117,G,Washington Capitals,0,0,0,0,0,0,2011,0.0
28,0.0,0.0,Niklas Lundström,0.0,0,0,0.0,0.0,0.0,0.0,0.0,0.0,0.0,0.0,0.0,0.0,0.0,0,0.0,0.0,0.0,0.0,0.0,0.0,0.0,0.0,0.0,0.0,0.0,0,341,5,132,G,St. Louis Blues,0,0,0,0,0,0,2011,0.0
29,110.0,87.0,Jason Kasdorf,23.0,BUF,G,1.0,1.0,0.0,1.0,0.0,4.0,30.0,26.0,0.867,4.0,0.0,60:00,0.0,0.0,0.0,157.0,-1.4,5.0,0.0,0.0,0.0,0.0,0.0,0,366,6,157,G,Winnipeg Jets,1,1,0,0,0,0,2011,0.0
30,0.0,0.0,Steve Michalek,0.0,0,0,0.0,0.0,0.0,0.0,0.0,0.0,0.0,0.0,0.0,0.0,0.0,0,0.0,0.0,0.0,0.0,0.0,0.0,0.0,0.0,0.0,0.0,0.0,0,370,6,161,G,Minnesota Wild,2,0,0,0,0,0,2011,0.0
31,0.0,0.0,Matt Mahalak,0.0,0,0,0.0,0.0,0.0,0.0,0.0,0.0,0.0,0.0,0.0,0.0,0.0,0,0.0,0.0,0.0,0.0,0.0,0.0,0.0,0.0,0.0,0.0,0.0,0,372,6,163,G,Carolina Hurricanes,0,0,0,0,0,0,2011,0.0
32,83.0,84.0,Laurent Brossoit,21.0,EDM,G,140.0,118.0,64.0,46.0,13.0,334.0,3746.0,3412.0,0.961,2.01,6.0,59:36299:31332:27740:141165:17987:53744:071281:26636:021351:02,68.0,1.0,0.0,46.0,2.4,2.01,0.6,0.0,0.0,0.0,0.0,0,373,6,164,G,Calgary Flames,11,140,0,0,0,0,2011,0.0
33,0.0,0.0,Nathan Lieuwen,0.0,0,0,0.0,0.0,0.0,0.0,0.0,0.0,0.0,0.0,0.0,0.0,0.0,0,0.0,0.0,0.0,0.0,0.0,0.0,0.0,0.0,0.0,0.0,0.0,0,376,6,167,G,Buffalo Sabres,3,7,0,0,0,0,2011,0.0
34,146.0,95.0,Adam Wilcox,25.0,BUF,G,1.0,0.0,0.0,1.0,0.0,0.0,14.0,14.0,1.0,0.0,0.0,38:39,0.0,0.0,0.0,0.0,1.2,0.0,0.2,0.0,0.0,0.0,0.0,0,387,6,178,G,Tampa Bay Lightning,2,1,0,0,0,0,2011,0.0
35,0.0,0.0,Lars Volden,0.0,0,0,0.0,0.0,0.0,0.0,0.0,0.0,0.0,0.0,0.0,0.0,0.0,0,0.0,0.0,0.0,0.0,0.0,0.0,0.0,0.0,0.0,0.0,0.0,0,390,6,181,G,Boston Bruins,0,0,0,0,0,0,2011,0.0
36,0.0,0.0,Frans Tuohimaa,0.0,0,0,0.0,0.0,0.0,0.0,0.0,0.0,0.0,0.0,0.0,0.0,0.0,0,0.0,0.0,0.0,0.0,0.0,0.0,0.0,0.0,0.0,0.0,0.0,0,391,7,182,G,Edmonton Oilers,0,0,0,0,0,0,2011,0.0
37,72.0,73.0,Anton Forsberg,22.0,CBJ,G,160.0,147.0,63.0,69.0,11.0,435.0,4575.0,4140.0,0.917,4.69,5.0,255:43178:0958:351714:47143:09448:332571:271471:431569:45,77.0,0.75,1.0,157.0,-7.3,5.63,0.0,0.0,0.0,0.0,0.0,0,397,7,188,G,Columbus Blue Jackets,10,171,0,0,0,0,2011,0.0
38,98.0,62.0,Garret Sparks,22.0,TOR,G,40.0,35.0,15.0,18.0,2.0,112.0,1109.0,997.0,0.936,3.02,2.0,974:571104:4227:2497:13,15.0,1.0,4.0,126.0,-10.2,3.63,1.5,0.0,0.0,0.0,0.0,0,399,7,190,G,Toronto Maple Leafs,6,40,0,0,0,0,2011,0.0
39,0.0,0.0,Johan Mattsson,0.0,0,0,0.0,0.0,0.0,0.0,0.0,0.0,0.0,0.0,0.0,0.0,0.0,0,0.0,0.0,0.0,0.0,0.0,0.0,0.0,0.0,0.0,0.0,0.0,0,420,7,211,G,Chicago Blackhawks,0,0,0,0,0,0,2011,0.0
40,0.0,0.0,Andrei Vasilevsky,0.0,0,0,0.0,0.0,0.0,0.0,0.0,0.0,0.0,0.0,0.0,0.0,0.0,0,0.0,0.0,0.0,0.0,0.0,0.0,0.0,0.0,0.0,0.0,0.0,0,439,1,19,G,Tampa Bay Lightning,11,500,0,0,0,0,2012,0.0
41,90.0,91.0,Malcolm Subban,21.0,BOS,G,108.0,97.0,45.0,41.0,12.0,308.0,2978.0,2670.0,0.914,5.76,3.0,31:1530:361230:111226:471134:151133:051:10881:17210:2860:00,38.0,1.0,1.0,586.0,-2.5,7.68,-0.3,0.0,0.0,0.0,0.0,0,444,1,24,G,Boston Bruins,9,87,0,0,0,0,2012,0.0
42,137.0,80.0,Oscar Dansk,23.0,VEG,G,6.0,5.0,4.0,1.0,0.0,15.0,159.0,144.0,0.946,1.78,1.0,168:3660:0061:25,3.0,1.0,0.0,61.0,3.2,1.78,0.9,0.0,0.0,0.0,0.0,0,451,2,31,G,Columbus Blue Jackets,4,6,0,0,0,0,2012,0.0
43,120.0,69.0,Anthony Stolarz,23.0,PHI,G,126.0,95.0,47.0,36.0,12.0,301.0,3440.0,3139.0,0.944,2.07,9.0,376:05868:25629:44238:4158:33464:181506:25820:031506:27,53.0,1.0,1.0,83.0,2.7,2.39,1.4,0.0,0.0,0.0,0.0,0,465,2,45,G,Philadelphia Flyers,10,125,0,0,0,0,2012,0.0
44,94.0,41.0,Joonas Korpisalo,21.0,CBJ,G,315.0,287.0,133.0,121.0,33.0,883.0,9088.0,8205.0,0.921,2.6,5.0,1803:03790:311048:491360:342125:541747:261128:292171:571550:57621:003080:28,146.0,0.727,1.0,95.0,4.5,3.09,6.3,0.0,0.0,0.0,2.0,0,482,3,62,G,Columbus Blue Jackets,10,287,0,0,0,0,2012,0.0
45,0.0,0.0,Daniel Altshuller,0.0,0,0,0.0,0.0,0.0,0.0,0.0,0.0,0.0,0.0,0.0,0.0,0.0,0,0.0,0.0,0.0,0.0,0.0,0.0,0.0,0.0,0.0,0.0,0.0,0,489,3,69,G,Carolina Hurricanes,1,0,0,0,0,0,2012,0.0
46,126.0,87.0,Jon Gillies,23.0,CGY,G,55.0,42.0,11.0,26.0,5.0,163.0,1474.0,1311.0,0.964,1.0,0.0,60:00604:561004:4563:46940:59118:09,18.0,1.0,0.0,41.0,1.4,1.0,0.3,0.0,0.0,0.0,0.0,0,495,3,75,G,Calgary Flames,5,35,0,0,0,0,2012,0.0
47,85.0,86.0,Chris Driedger,20.0,OTT,G,67.0,60.0,31.0,24.0,5.0,151.0,1812.0,1661.0,1.0,0.0,5.0,22:5231:4940:00642:401361:361478:24119:35,33.0,0.0,0.0,0.0,0.9,0.0,0.2,0.0,0.0,0.0,0.0,0,496,3,76,G,Ottawa Senators,8,67,0,0,0,0,2012,0.0
48,0.0,0.0,Jake Paterson,0.0,0,0,0.0,0.0,0.0,0.0,0.0,0.0,0.0,0.0,0.0,0.0,0.0,0,0.0,0.0,0.0,0.0,0.0,0.0,0.0,0.0,0.0,0.0,0.0,0,500,3,80,G,Detroit Red Wings,0,0,0,0,0,0,2012,0.0
49,99.0,67.0,Matt Murray,21.0,PIT,G,276.0,268.0,148.0,88.0,24.0,728.0,8103.0,7375.0,1.0,2.0,16.0,748:352765:482732:582880:142237:301404:111181:311473:10177:0260:00,141.0,1.0,0.0,83.0,5.2,2.4,2.7,0.0,0.0,0.0,0.0,0,503,3,83,G,Pittsburgh Penguins,9,272,0,0,0,0,2012,0.0
50,18.0,19.0,Frederik Andersen,25.0,ANA,G,467.0,457.0,275.0,122.0,52.0,1158.0,13678.0,12520.0,0.932,2.38,27.0,3105:432297:563799:203888:313510:153006:401420:073070:531984:21912:53,264.0,0.75,9.0,100.0,-0.4,2.82,8.6,0.0,3.0,3.0,4.0,0,507,3,87,G,Anaheim Ducks,13,499,0,0,0,0,2012,0.0
51,0.0,0.0,Sean Maguire,0.0,0,0,0.0,0.0,0.0,0.0,0.0,0.0,0.0,0.0,0.0,0.0,0.0,0,0.0,0.0,0.0,0.0,0.0,0.0,0.0,0.0,0.0,0.0,0.0,0,533,4,113,G,Pittsburgh Penguins,0,0,0,0,0,0,2012,0.0
52,96.0,45.0,Connor Hellebuyck,22.0,WPG,G,505.0,496.0,275.0,173.0,41.0,1281.0,15402.0,14121.0,0.924,2.34,37.0,1433:283033:313965:543704:063268:332602:493903:303777:583567:20,290.0,0.688,6.0,96.0,2.2,2.8,4.3,0.0,0.0,0.0,0.0,0,550,5,130,G,Winnipeg Jets,10,530,0,0,0,0,2012,0.0
53,0.0,0.0,Henri Kiviaho,0.0,0,0,0.0,0.0,0.0,0.0,0.0,0.0,0.0,0.0,0.0,0.0,0.0,0,0.0,0.0,0.0,0.0,0.0,0.0,0.0,0.0,0.0,0.0,0.0,0,564,5,144,G,Dallas Stars,0,0,0,0,0,0,2012,0.0
54,0.0,0.0,François Tremblay,0.0,0,0,0.0,0.0,0.0,0.0,0.0,0.0,0.0,0.0,0.0,0.0,0.0,0,0.0,0.0,0.0,0.0,0.0,0.0,0.0,0.0,0.0,0.0,0.0,0,566,5,146,G,St. Louis Blues,0,0,0,0,0,0,2012,0.0
55,0.0,0.0,Collin Olson,0.0,0,0,0.0,0.0,0.0,0.0,0.0,0.0,0.0,0.0,0.0,0.0,0.0,0,0.0,0.0,0.0,0.0,0.0,0.0,0.0,0.0,0.0,0.0,0.0,0,579,6,159,G,Carolina Hurricanes,0,0,0,0,0,0,2012,0.0
56,97.0,58.0,Linus Ullmark,22.0,BUF,G,247.0,238.0,138.0,73.0,23.0,598.0,7331.0,6733.0,0.938,2.6,8.0,1130:4058:44240:182102:062026:381117:052330:262882:122400:08,152.0,1.0,4.0,102.0,-0.9,3.13,3.2,0.0,0.0,0.0,0.0,0,583,6,163,G,Buffalo Sabres,10,267,0,0,0,0,2012,0.0
57,0.0,0.0,François Brassard,0.0,0,0,0.0,0.0,0.0,0.0,0.0,0.0,0.0,0.0,0.0,0.0,0.0,0,0.0,0.0,0.0,0.0,0.0,0.0,0.0,0.0,0.0,0.0,0.0,0,586,6,166,G,Ottawa Senators,0,0,0,0,0,0,2012,0.0
58,79.0,80.0,Marek Mazanec,23.0,NSH,G,6.0,3.0,0.0,3.0,0.0,18.0,134.0,116.0,0.915,2.27,0.0,105:44177:35,1.0,1.0,0.0,100.0,0.0,2.84,0.3,0.0,0.0,0.0,0.0,0,599,6,179,G,Nashville Predators,4,31,0,0,0,0,2012,0.0
59,128.0,90.0,Marek Langhamer,22.0,ARI,G,2.0,0.0,0.0,0.0,0.0,1.0,18.0,17.0,1.0,3.87,0.0,15:3128:53,0.0,0.0,0.0,144.0,-0.3,3.87,0.0,0.0,0.0,0.0,0.0,0,604,7,184,G,Phoenix Coyotes,3,2,0,0,0,0,2012,0.0
60,0.0,0.0,Jamie Phillips,0.0,0,0,0.0,0.0,0.0,0.0,0.0,0.0,0.0,0.0,0.0,0.0,0.0,0,0.0,0.0,0.0,0.0,0.0,0.0,0.0,0.0,0.0,0.0,0.0,0,610,7,190,G,Winnipeg Jets,0,0,0,0,0,0,2012,0.0
61,0.0,0.0,Brandon Whitney,0.0,0,0,0.0,0.0,0.0,0.0,0.0,0.0,0.0,0.0,0.0,0.0,0.0,0,0.0,0.0,0.0,0.0,0.0,0.0,0.0,0.0,0.0,0.0,0.0,0,611,7,191,G,Chicago Blackhawks,0,0,0,0,0,0,2012,0.0
62,228.0,80.0,Matt Tomkins,29.0,TBL,G,6.0,6.0,3.0,2.0,1.0,20.0,185.0,165.0,0.892,3.33,0.0,360:13,1.0,0.167,0.0,112.0,-2.1,3.5,0.8,0.0,0.0,0.0,0.0,0,619,7,199,G,Chicago Blackhawks,2,6,0,0,0,0,2012,0.0
63,0.0,0.0,Sergei Kostenko,0.0,0,0,0.0,0.0,0.0,0.0,0.0,0.0,0.0,0.0,0.0,0.0,0.0,0,0.0,0.0,0.0,0.0,0.0,0.0,0.0,0.0,0.0,0.0,0.0,0,623,7,203,G,Washington Capitals,0,0,0,0,0,0,2012,0.0
64,197.0,88.0,Zachary Fucale,26.0,WSH,G,4.0,3.0,1.0,1.0,1.0,5.0,66.0,61.0,0.924,1.75,1.0,171:35,2.0,0.667,1.0,81.0,1.1,1.75,0.5,0.0,0.0,0.0,0.0,0,667,2,36,G,Montréal Canadiens,5,4,0,0,0,0,2013,0.0
65,127.0,89.0,Tristan Jarry,21.0,PIT,G,257.0,246.0,136.0,85.0,25.0,650.0,7353.0,6703.0,0.921,3.06,19.0,58:451363:56120:031926:292185:183415:112650:022740:38,149.0,0.632,0.0,139.0,-0.8,3.06,0.0,0.0,0.0,0.0,0.0,0,675,2,44,G,Pittsburgh Penguins,10,270,0,0,0,0,2013,0.0
66,0.0,0.0,Philippe Desrosiers,0.0,0,0,0.0,0.0,0.0,0.0,0.0,0.0,0.0,0.0,0.0,0.0,0.0,0,0.0,0.0,0.0,0.0,0.0,0.0,0.0,0.0,0.0,0.0,0.0,0,685,2,54,G,Dallas Stars,1,0,0,0,0,0,2013,0.0
67,125.0,83.0,Eric Comrie,21.0,WPG,G,57.0,53.0,24.0,26.0,2.0,177.0,1658.0,1481.0,0.92,4.05,2.0,59:18180:2659:53126:1560:001024:491111:59519:54,23.0,1.0,0.0,119.0,-0.6,5.06,0.2,0.0,0.0,0.0,0.0,0,690,2,59,G,Winnipeg Jets,9,64,0,0,0,0,2013,0.0
68,121.0,75.0,Spencer Martin,21.0,COL,G,76.0,68.0,28.0,35.0,9.0,249.0,2210.0,1961.0,0.95,4.35,0.0,179:26378:211610:111072:13707:13365:00,28.0,1.0,1.0,156.0,-4.7,5.02,0.0,0.0,0.0,0.0,0.0,0,694,3,63,G,Colorado Avalanche,6,66,0,0,0,0,2013,0.0
69,0.0,0.0,Eamon McAdam,0.0,0,0,0.0,0.0,0.0,0.0,0.0,0.0,0.0,0.0,0.0,0.0,0.0,0,0.0,0.0,0.0,0.0,0.0,0.0,0.0,0.0,0.0,0.0,0.0,0,701,3,70,G,New York Islanders,0,0,0,0,0,0,2013,0.0
70,0.0,0.0,Marcus Högberg,0.0,0,0,0.0,0.0,0.0,0.0,0.0,0.0,0.0,0.0,0.0,0.0,0.0,0,0.0,0.0,0.0,0.0,0.0,0.0,0.0,0.0,0.0,0.0,0.0,0,709,3,78,G,Ottawa Senators,4,43,0,0,0,0,2013,0.0
71,0.0,0.0,Evan Cowley,0.0,0,0,0.0,0.0,0.0,0.0,0.0,0.0,0.0,0.0,0.0,0.0,0.0,0,0.0,0.0,0.0,0.0,0.0,0.0,0.0,0.0,0.0,0.0,0.0,0,723,4,92,G,Florida Panthers,0,0,0,0,0,0,2013,0.0
72,114.0,91.0,Juuse Saros,20.0,NSH,G,350.0,333.0,182.0,119.0,32.0,878.0,10583.0,9705.0,0.927,3.1,23.0,58:011199:551496:401696:132176:502051:483931:423809:593624:38,202.0,0.684,0.0,153.0,-1.0,4.14,0.0,0.0,0.0,0.0,0.0,0,730,4,99,G,Nashville Predators,10,375,0,0,0,0,2013,0.0
73,0.0,0.0,Stephon Williams,0.0,0,0,0.0,0.0,0.0,0.0,0.0,0.0,0.0,0.0,0.0,0.0,0.0,0,0.0,0.0,0.0,0.0,0.0,0.0,0.0,0.0,0.0,0.0,0.0,0,737,4,106,G,New York Islanders,0,0,0,0,0,0,2013,0.0
74,0.0,0.0,Fredrik Bergvik,0.0,0,0,0.0,0.0,0.0,0.0,0.0,0.0,0.0,0.0,0.0,0.0,0.0,0,0.0,0.0,0.0,0.0,0.0,0.0,0.0,0.0,0.0,0.0,0.0,0,748,4,117,G,San Jose Sharks,0,0,0,0,0,0,2013,0.0
75,108.0,85.0,Kristers Gudlevskis,23.0,TBL,G,2.0,1.0,0.0,0.0,1.0,1.0,35.0,34.0,1.0,1.0,0.0,59:5711:27,1.0,1.0,0.0,37.0,1.7,1.0,0.4,0.0,0.0,0.0,0.0,0,755,5,124,G,Tampa Bay Lightning,3,3,0,0,0,0,2013,0.0
76,0.0,0.0,Cal Petersen,0.0,0,0,0.0,0.0,0.0,0.0,0.0,0.0,0.0,0.0,0.0,0.0,0.0,0,0.0,0.0,0.0,0.0,0.0,0.0,0.0,0.0,0.0,0.0,0.0,0,760,5,129,G,Buffalo Sabres,6,106,0,0,0,0,2013,0.0
77,0.0,0.0,Patrik Bartosak,0.0,0,0,0.0,0.0,0.0,0.0,0.0,0.0,0.0,0.0,0.0,0.0,0.0,0,0.0,0.0,0.0,0.0,0.0,0.0,0.0,0.0,0.0,0.0,0.0,0,777,5,146,G,Los Angeles Kings,0,0,0,0,0,0,2013,0.0
78,0.0,0.0,Merrick Madsen,0.0,0,0,0.0,0.0,0.0,0.0,0.0,0.0,0.0,0.0,0.0,0.0,0.0,0,0.0,0.0,0.0,0.0,0.0,0.0,0.0,0.0,0.0,0.0,0.0,0,793,6,162,G,Philadelphia Flyers,0,0,0,0,0,0,2013,0.0
79,0.0,0.0,Brendan Burke,0.0,0,0,0.0,0.0,0.0,0.0,0.0,0.0,0.0,0.0,0.0,0.0,0.0,0,0.0,0.0,0.0,0.0,0.0,0.0,0.0,0.0,0.0,0.0,0.0,0,794,6,163,G,Phoenix Coyotes,0,0,0,0,0,0,2013,0.0
80,82.0,83.0,Mackenzie Skapski,20.0,NYR,G,2.0,2.0,2.0,0.0,0.0,1.0,45.0,44.0,0.978,0.5,1.0,119:05,2.0,1.0,0.0,26.0,2.8,0.5,0.6,0.0,0.0,0.0,0.0,0,801,6,170,G,New York Rangers,1,2,0,0,0,0,2013,0.0
81,122.0,77.0,Antoine Bibeau,22.0,TOR,G,4.0,3.0,2.0,1.0,0.0,9.0,97.0,88.0,0.927,1.99,0.0,120:3991:45,2.0,1.0,0.0,84.0,0.8,2.49,0.4,0.0,0.0,0.0,0.0,0,803,6,172,G,Toronto Maple Leafs,4,4,0,0,0,0,2013,0.0
82,0.0,0.0,Alexandre Bélanger,0.0,0,0,0.0,0.0,0.0,0.0,0.0,0.0,0.0,0.0,0.0,0.0,0.0,0,0.0,0.0,0.0,0.0,0.0,0.0,0.0,0.0,0.0,0.0,0.0,0,831,7,200,G,Minnesota Wild,0,0,0,0,0,0,2013,0.0
83,0.0,0.0,Janne Juvonen,0.0,0,0,0.0,0.0,0.0,0.0,0.0,0.0,0.0,0.0,0.0,0.0,0.0,0,0.0,0.0,0.0,0.0,0.0,0.0,0.0,0.0,0.0,0.0,0.0,0,834,7,203,G,Nashville Predators,0,0,0,0,0,0,2013,0.0
84,0.0,0.0,Anthony Brodeur,0.0,0,0,0.0,0.0,0.0,0.0,0.0,0.0,0.0,0.0,0.0,0.0,0.0,0,0.0,0.0,0.0,0.0,0.0,0.0,0.0,0.0,0.0,0.0,0.0,0,839,7,208,G,New Jersey Devils,0,0,0,0,0,0,2013,0.0
85,0.0,0.0,Mason McDonald,0.0,0,0,0.0,0.0,0.0,0.0,0.0,0.0,0.0,0.0,0.0,0.0,0.0,0,0.0,0.0,0.0,0.0,0.0,0.0,0.0,0.0,0.0,0.0,0.0,0,876,2,34,G,Calgary Flames,0,0,0,0,0,0,2014,0.0
86,141.0,87.0,Thatcher Demko,22.0,VAN,G,219.0,213.0,116.0,81.0,17.0,596.0,6768.0,6172.0,0.918,3.91,8.0,61:21534:091529:032086:483700:391878:313015:53,122.0,0.75,0.0,152.0,-1.4,3.91,0.0,0.0,0.0,0.0,0.0,0,878,2,36,G,Vancouver Canucks,9,221,0,0,0,0,2014,0.0
87,129.0,91.0,Alex Nedeljkovic,21.0,CAR,G,141.0,125.0,60.0,45.0,22.0,386.0,4089.0,3703.0,1.0,0.0,8.0,29:5760:00216:191392:023230:48832:382060:28,66.0,0.0,0.0,0.0,1.5,0.0,0.3,0.0,0.0,0.0,2.0,0,879,2,37,G,Carolina Hurricanes,8,154,0,0,0,0,2014,0.0
88,0.0,0.0,Vítek Vaněček,0.0,0,0,0.0,0.0,0.0,0.0,0.0,0.0,0.0,0.0,0.0,0.0,0.0,0,0.0,0.0,0.0,0.0,0.0,0.0,0.0,0.0,0.0,0.0,0.0,0,881,2,39,G,Washington Capitals,6,177,0,0,0,0,2014,0.0
89,144.0,90.0,Brandon Halverson,21.0,NYR,G,1.0,0.0,0.0,0.0,0.0,1.0,6.0,5.0,0.833,4.78,0.0,12:33,0.0,0.0,0.0,190.0,-0.5,4.78,0.0,0.0,0.0,0.0,0.0,0,901,2,59,G,New York Rangers,2,1,0,0,0,0,2014,0.0
90,164.0,68.0,Jonas Johansson,24.0,BUF,G,87.0,73.0,31.0,30.0,12.0,260.0,2264.0,2004.0,0.932,2.94,4.0,326:44816:50379:53436:57486:31370:18116:13142:571477:29,31.0,0.714,0.0,117.0,-2.3,3.12,0.6,0.0,0.0,0.0,0.0,0,903,3,61,G,Buffalo Sabres,6,67,0,0,0,0,2014,0.0
91,0.0,0.0,Elvis Merzlikins,0.0,0,0,0.0,0.0,0.0,0.0,0.0,0.0,0.0,0.0,0.0,0.0,0.0,0,0.0,0.0,0.0,0.0,0.0,0.0,0.0,0.0,0.0,0.0,0.0,0,918,3,76,G,Columbus Blue Jackets,6,211,0,0,0,0,2014,0.0
92,175.0,43.0,Ilya Sorokin,25.0,NYI,G,192.0,188.0,95.0,65.0,30.0,476.0,5866.0,5390.0,0.925,2.17,18.0,1271:473072:173587:043325:59,128.0,0.714,3.0,89.0,5.9,2.36,4.0,0.0,0.0,0.0,0.0,Calder-15,920,3,78,G,New York Islanders,5,214,0,0,0,0,2014,0.0
93,176.0,54.0,Ville Husso,25.0,STL,G,132.0,127.0,69.0,40.0,16.0,376.0,3855.0,3479.0,0.919,3.21,7.0,917:192341:143220:141012:55,62.0,0.605,2.0,116.0,-6.6,3.53,2.0,0.0,0.0,0.0,4.0,0,936,4,94,G,St. Louis Blues,6,140,0,0,0,0,2014,0.0
94,0.0,0.0,Linus Söderström,0.0,0,0,0.0,0.0,0.0,0.0,0.0,0.0,0.0,0.0,0.0,0.0,0.0,0,0.0,0.0,0.0,0.0,0.0,0.0,0.0,0.0,0.0,0.0,0.0,0,937,4,95,G,New York Islanders,0,0,0,0,0,0,2014,0.0
95,0.0,0.0,Kaapo Kähkönen,0.0,0,0,0.0,0.0,0.0,0.0,0.0,0.0,0.0,0.0,0.0,0.0,0.0,0,0.0,0.0,0.0,0.0,0.0,0.0,0.0,0.0,0.0,0.0,0.0,0,951,4,109,G,Minnesota Wild,7,140,0,0,0,0,2014,0.0
96,0.0,0.0,Zach Nagelvoort,0.0,0,0,0.0,0.0,0.0,0.0,0.0,0.0,0.0,0.0,0.0,0.0,0.0,0,0.0,0.0,0.0,0.0,0.0,0.0,0.0,0.0,0.0,0.0,0.0,0,953,4,111,G,Edmonton Oilers,0,0,0,0,0,0,2014,0.0
97,0.0,0.0,Brent Moran,0.0,0,0,0.0,0.0,0.0,0.0,0.0,0.0,0.0,0.0,0.0,0.0,0.0,0,0.0,0.0,0.0,0.0,0.0,0.0,0.0,0.0,0.0,0.0,0.0,0,957,4,115,G,Dallas Stars,0,0,0,0,0,0,2014,0.0
98,0.0,0.0,Igor Shestyorkin,0.0,0,0,0.0,0.0,0.0,0.0,0.0,0.0,0.0,0.0,0.0,0.0,0.0,0,0.0,0.0,0.0,0.0,0.0,0.0,0.0,0.0,0.0,0.0,0.0,0,960,4,118,G,New York Rangers,6,235,0,0,0,0,2014,0.0
99,0.0,0.0,Chase Perry,0.0,0,0,0.0,0.0,0.0,0.0,0.0,0.0,0.0,0.0,0.0,0.0,0.0,0,0.0,0.0,0.0,0.0,0.0,0.0,0.0,0.0,0.0,0.0,0.0,0,978,5,136,G,Detroit Red Wings,0,0,0,0,0,0,2014,0.0
100,0.0,0.0,Alec Dillon,0.0,0,0,0.0,0.0,0.0,0.0,0.0,0.0,0.0,0.0,0.0,0.0,0.0,0,0.0,0.0,0.0,0.0,0.0,0.0,0.0,0.0,0.0,0.0,0.0,0,992,5,150,G,Los Angeles Kings,0,0,0,0,0,0,2014,0.0
101,0.0,0.0,Maximilian Pajpach,0.0,0,0,0.0,0.0,0.0,0.0,0.0,0.0,0.0,0.0,0.0,0.0,0.0,0,0.0,0.0,0.0,0.0,0.0,0.0,0.0,0.0,0.0,0.0,0.0,0,1016,6,174,G,Colorado Avalanche,0,0,0,0,0,0,2014,0.0
102,0.0,0.0,Hayden Hawkey,0.0,0,0,0.0,0.0,0.0,0.0,0.0,0.0,0.0,0.0,0.0,0.0,0.0,0,0.0,0.0,0.0,0.0,0.0,0.0,0.0,0.0,0.0,0.0,0.0,0,1019,6,177,G,Montréal Canadiens,0,0,0,0,0,0,2014,0.0
103,0.0,0.0,Ivan Nalimov,0.0,0,0,0.0,0.0,0.0,0.0,0.0,0.0,0.0,0.0,0.0,0.0,0.0,0,0.0,0.0,0.0,0.0,0.0,0.0,0.0,0.0,0.0,0.0,0.0,0,1021,6,179,G,Chicago Blackhawks,0,0,0,0,0,0,2014,0.0
104,0.0,0.0,Hugo Fagerblom,0.0,0,0,0.0,0.0,0.0,0.0,0.0,0.0,0.0,0.0,0.0,0.0,0.0,0,0.0,0.0,0.0,0.0,0.0,0.0,0.0,0.0,0.0,0.0,0.0,0,1024,7,182,G,Florida Panthers,0,0,0,0,0,0,2014,0.0
105,0.0,0.0,Keven Bouchard,0.0,0,0,0.0,0.0,0.0,0.0,0.0,0.0,0.0,0.0,0.0,0.0,0.0,0,0.0,0.0,0.0,0.0,0.0,0.0,0.0,0.0,0.0,0.0,0.0,0,1025,7,183,G,Edmonton Oilers,0,0,0,0,0,0,2014,0.0
106,162.0,49.0,Ilya Samsonov,22.0,WSH,G,171.0,159.0,102.0,39.0,21.0,444.0,4604.0,4160.0,0.919,2.55,13.0,1411:021092:492361:182475:362300:58,79.0,0.675,2.0,96.0,2.3,2.72,4.1,0.0,0.0,0.0,2.0,Calder-12,1074,1,22,G,Washington Capitals,7,182,0,0,0,0,2015,0.0
107,149.0,55.0,Mackenzie Blackwood,22.0,NJD,G,196.0,184.0,75.0,82.0,22.0,564.0,5879.0,5315.0,0.918,2.61,10.0,1263:522684:012090:371399:031125:332437:08,98.0,0.667,4.0,91.0,5.3,2.8,4.3,0.0,0.0,0.0,0.0,0,1094,2,42,G,New Jersey Devils,8,216,0,0,0,0,2015,0.0
108,0.0,0.0,Felix Sandström,0.0,0,0,0.0,0.0,0.0,0.0,0.0,0.0,0.0,0.0,0.0,0.0,0.0,0,0.0,0.0,0.0,0.0,0.0,0.0,0.0,0.0,0.0,0.0,0.0,0,1122,3,70,G,Philadelphia Flyers,3,30,0,0,0,0,2015,0.0
109,0.0,0.0,Dan Vladař,0.0,0,0,0.0,0.0,0.0,0.0,0.0,0.0,0.0,0.0,0.0,0.0,0.0,0,0.0,0.0,0.0,0.0,0.0,0.0,0.0,0.0,0.0,0.0,0.0,0,1127,3,75,G,Boston Bruins,7,91,0,0,0,0,2015,0.0
110,138.0,81.0,Adin Hill,21.0,ARI,G,136.0,123.0,64.0,51.0,8.0,331.0,3672.0,3341.0,0.918,3.49,7.0,240:45696:21640:461005:541375:571490:541968:49,66.0,0.64,1.0,124.0,-2.7,3.74,0.4,0.0,0.0,0.0,0.0,0,1128,3,76,G,Arizona Coyotes,9,156,0,0,0,0,2015,0.0
111,0.0,0.0,Samuel Montembeault,0.0,0,0,0.0,0.0,0.0,0.0,0.0,0.0,0.0,0.0,0.0,0.0,0.0,0,0.0,0.0,0.0,0.0,0.0,0.0,0.0,0.0,0.0,0.0,0.0,0,1129,3,77,G,Florida Panthers,7,168,0,0,0,0,2015,0.0
112,0.0,0.0,Mike Robinson,0.0,0,0,0.0,0.0,0.0,0.0,0.0,0.0,0.0,0.0,0.0,0.0,0.0,0,0.0,0.0,0.0,0.0,0.0,0.0,0.0,0.0,0.0,0.0,0.0,0,1138,3,86,G,San Jose Sharks,0,0,0,0,0,0,2015,0.0
113,0.0,0.0,Matej Tomek,0.0,0,0,0.0,0.0,0.0,0.0,0.0,0.0,0.0,0.0,0.0,0.0,0.0,0,0.0,0.0,0.0,0.0,0.0,0.0,0.0,0.0,0.0,0.0,0.0,0,1142,3,90,G,Philadelphia Flyers,0,0,0,0,0,0,2015,0.0
114,0.0,0.0,Callum Booth,0.0,0,0,0.0,0.0,0.0,0.0,0.0,0.0,0.0,0.0,0.0,0.0,0.0,0,0.0,0.0,0.0,0.0,0.0,0.0,0.0,0.0,0.0,0.0,0.0,0,1145,4,93,G,Carolina Hurricanes,0,0,0,0,0,0,2015,0.0
115,0.0,0.0,Joren van Pottelberghe,0.0,0,0,0.0,0.0,0.0,0.0,0.0,0.0,0.0,0.0,0.0,0.0,0.0,0,0.0,0.0,0.0,0.0,0.0,0.0,0.0,0.0,0.0,0.0,0.0,0,1162,4,110,G,Detroit Red Wings,0,0,0,0,0,0,2015,0.0
116,0.0,0.0,Ales Stezka,0.0,0,0,0.0,0.0,0.0,0.0,0.0,0.0,0.0,0.0,0.0,0.0,0.0,0,0.0,0.0,0.0,0.0,0.0,0.0,0.0,0.0,0.0,0.0,0.0,0,1163,4,111,G,Minnesota Wild,1,0,0,0,0,0,2015,0.0
117,190.0,17.0,Karel Vejmelka,25.0,ARI,G,140.0,131.0,44.0,75.0,11.0,452.0,4428.0,3976.0,0.899,3.68,5.0,2773:142940:502040:08,58.0,0.449,14.0,110.0,-14.8,3.81,7.7,0.0,0.0,0.0,0.0,0,1197,5,145,G,Nashville Predators,4,157,0,0,0,0,2015,0.0
118,0.0,0.0,Luke Opilka,0.0,0,0,0.0,0.0,0.0,0.0,0.0,0.0,0.0,0.0,0.0,0.0,0.0,0,0.0,0.0,0.0,0.0,0.0,0.0,0.0,0.0,0.0,0.0,0.0,0,1198,5,146,G,St. Louis Blues,0,0,0,0,0,0,2015,0.0
119,0.0,0.0,Kris Oldham,0.0,0,0,0.0,0.0,0.0,0.0,0.0,0.0,0.0,0.0,0.0,0.0,0.0,0,0.0,0.0,0.0,0.0,0.0,0.0,0.0,0.0,0.0,0.0,0.0,0,1205,6,153,G,Tampa Bay Lightning,0,0,0,0,0,0,2015,0.0
120,0.0,0.0,Markus Ruusu,0.0,0,0,0.0,0.0,0.0,0.0,0.0,0.0,0.0,0.0,0.0,0.0,0.0,0,0.0,0.0,0.0,0.0,0.0,0.0,0.0,0.0,0.0,0.0,0.0,0,1215,6,163,G,Dallas Stars,0,0,0,0,0,0,2015,0.0
121,0.0,0.0,Garrett Metcalf,0.0,0,0,0.0,0.0,0.0,0.0,0.0,0.0,0.0,0.0,0.0,0.0,0.0,0,0.0,0.0,0.0,0.0,0.0,0.0,0.0,0.0,0.0,0.0,0.0,0,1231,6,179,G,Anaheim Ducks,0,0,0,0,0,0,2015,0.0
122,0.0,0.0,Erik Källgren,0.0,0,0,0.0,0.0,0.0,0.0,0.0,0.0,0.0,0.0,0.0,0.0,0.0,0,0.0,0.0,0.0,0.0,0.0,0.0,0.0,0.0,0.0,0.0,0.0,0,1235,7,183,G,Arizona Coyotes,2,24,0,0,0,0,2015,0.0
123,0.0,0.0,Adam Húska,0.0,0,0,0.0,0.0,0.0,0.0,0.0,0.0,0.0,0.0,0.0,0.0,0.0,0,0.0,0.0,0.0,0.0,0.0,0.0,0.0,0.0,0.0,0.0,0.0,0,1236,7,184,G,New York Rangers,1,1,0,0,0,0,2015,0.0
124,230.0,86.0,Ivan Fedotov,27.0,PHI,G,3.0,1.0,0.0,1.0,1.0,10.0,53.0,43.0,0.811,4.95,0.0,121:09,0.0,0.0,1.0,195.0,-4.9,4.95,-0.2,0.0,0.0,0.0,0.0,0,1240,7,188,G,Philadelphia Flyers,2,13,0,0,0,0,2015,0.0
125,0.0,0.0,Jake Kupsky,0.0,0,0,0.0,0.0,0.0,0.0,0.0,0.0,0.0,0.0,0.0,0.0,0.0,0,0.0,0.0,0.0,0.0,0.0,0.0,0.0,0.0,0.0,0.0,0.0,0,1245,7,193,G,San Jose Sharks,0,0,0,0,0,0,2015,0.0
126,157.0,87.0,Joey Daccord,22.0,OTT,G,69.0,61.0,22.0,27.0,13.0,177.0,1898.0,1721.0,0.916,5.0,3.0,60:00403:22293:13248:082832:47,34.0,0.652,0.0,139.0,-1.4,5.0,0.1,0.0,0.0,0.0,0.0,0,1251,7,199,G,Ottawa Senators,6,89,0,0,0,0,2015,0.0
127,0.0,0.0,Evan Smith,0.0,0,0,0.0,0.0,0.0,0.0,0.0,0.0,0.0,0.0,0.0,0.0,0.0,0,0.0,0.0,0.0,0.0,0.0,0.0,0.0,0.0,0.0,0.0,0.0,0,1257,7,205,G,Nashville Predators,0,0,0,0,0,0,2015,0.0
128,0.0,0.0,Ryan Bednard,0.0,0,0,0.0,0.0,0.0,0.0,0.0,0.0,0.0,0.0,0.0,0.0,0.0,0,0.0,0.0,0.0,0.0,0.0,0.0,0.0,0.0,0.0,0.0,0.0,0,1258,7,206,G,Florida Panthers,0,0,0,0,0,0,2015,0.0
129,0.0,0.0,Miroslav Svoboda,0.0,0,0,0.0,0.0,0.0,0.0,0.0,0.0,0.0,0.0,0.0,0.0,0.0,0,0.0,0.0,0.0,0.0,0.0,0.0,0.0,0.0,0.0,0.0,0.0,0,1260,7,208,G,Edmonton Oilers,1,0,0,0,0,0,2015,0.0
130,148.0,47.0,Carter Hart,20.0,PHI,G,227.0,218.0,96.0,93.0,29.0,625.0,6630.0,6005.0,0.917,2.83,6.0,1716:552355:501456:192603:043163:461455:11,107.0,0.625,4.0,92.0,7.0,3.01,6.2,0.0,0.0,0.0,0.0,Calder-9,1311,2,48,G,Philadelphia Flyers,6,227,0,0,0,0,2016,0.0
131,0.0,0.0,Tyler Parsons,0.0,0,0,0.0,0.0,0.0,0.0,0.0,0.0,0.0,0.0,0.0,0.0,0.0,0,0.0,0.0,0.0,0.0,0.0,0.0,0.0,0.0,0.0,0.0,0.0,0,1317,2,54,G,Calgary Flames,0,0,0,0,0,0,2016,0.0
132,179.0,68.0,Filip Gustavsson,22.0,OTT,G,111.0,103.0,52.0,40.0,14.0,289.0,3284.0,2995.0,0.933,2.16,6.0,471:341047:332310:562526:33,58.0,0.857,0.0,73.0,6.4,2.42,2.2,0.0,0.0,0.0,0.0,0,1318,2,55,G,Pittsburgh Penguins,7,133,0,0,0,0,2016,0.0
133,0.0,0.0,Evan Fitzpatrick,0.0,0,0,0.0,0.0,0.0,0.0,0.0,0.0,0.0,0.0,0.0,0.0,0.0,0,0.0,0.0,0.0,0.0,0.0,0.0,0.0,0.0,0.0,0.0,0.0,0,1322,2,59,G,St. Louis Blues,1,0,0,0,0,0,2016,0.0
134,199.0,92.0,Joseph Woll,23.0,TOR,G,36.0,34.0,21.0,13.0,1.0,98.0,1114.0,1016.0,0.932,2.75,1.0,239:54416:261471:39,19.0,0.857,0.0,96.0,0.4,2.75,0.7,0.0,0.0,0.0,2.0,0,1325,3,62,G,Toronto Maple Leafs,5,48,0,0,0,0,2016,0.0
135,205.0,106.0,Jack LaFontaine,24.0,CAR,G,2.0,1.0,0.0,1.0,0.0,9.0,41.0,32.0,0.78,7.2,0.0,74:57,0.0,0.0,1.0,236.0,-5.2,7.2,-0.3,0.0,0.0,0.0,0.0,0,1338,3,75,G,Carolina Hurricanes,1,2,0,0,0,0,2016,0.0
136,0.0,0.0,Wouter Peeters,0.0,0,0,0.0,0.0,0.0,0.0,0.0,0.0,0.0,0.0,0.0,0.0,0.0,0,0.0,0.0,0.0,0.0,0.0,0.0,0.0,0.0,0.0,0.0,0.0,0,1346,3,83,G,Chicago Blackhawks,0,0,0,0,0,0,2016,0.0
137,200.0,94.0,Connor Ingram,24.0,NSH,G,80.0,77.0,30.0,36.0,11.0,236.0,2512.0,2276.0,0.907,3.71,7.0,177:451586:402802:56,43.0,0.577,1.0,130.0,-2.5,3.71,0.2,0.0,0.0,0.0,0.0,0,1351,3,88,G,Tampa Bay Lightning,6,93,0,0,0,0,2016,0.0
138,0.0,0.0,Evan Cormier,0.0,0,0,0.0,0.0,0.0,0.0,0.0,0.0,0.0,0.0,0.0,0.0,0.0,0,0.0,0.0,0.0,0.0,0.0,0.0,0.0,0.0,0.0,0.0,0.0,0,1368,4,105,G,New Jersey Devils,2,0,0,0,0,0,2016,0.0
139,224.0,106.0,Dylan Wells,25.0,CHI,G,1.0,0.0,0.0,0.0,0.0,1.0,13.0,12.0,0.923,3.0,0.0,20:00,0.0,0.0,0.0,80.0,0.2,3.0,0.1,0.0,0.0,0.0,0.0,0,1386,5,123,G,Edmonton Oilers,1,1,0,0,0,0,2016,0.0
140,0.0,0.0,Colton Point,0.0,0,0,0.0,0.0,0.0,0.0,0.0,0.0,0.0,0.0,0.0,0.0,0.0,0,0.0,0.0,0.0,0.0,0.0,0.0,0.0,0.0,0.0,0.0,0.0,0,1391,5,128,G,Dallas Stars,0,0,0,0,0,0,2016,0.0
141,169.0,81.0,Adam Werner,22.0,COL,G,2.0,1.0,1.0,1.0,0.0,5.0,58.0,53.0,0.914,3.42,0.0,87:50,0.0,0.0,1.0,95.0,0.2,3.42,0.4,0.0,0.0,0.0,0.0,0,1394,5,131,G,Colorado Avalanche,2,2,0,0,0,0,2016,0.0
142,0.0,0.0,Jeremy Helvig,0.0,0,0,0.0,0.0,0.0,0.0,0.0,0.0,0.0,0.0,0.0,0.0,0.0,0,0.0,0.0,0.0,0.0,0.0,0.0,0.0,0.0,0.0,0.0,0.0,0,1397,5,134,G,Carolina Hurricanes,0,0,0,0,0,0,2016,0.0
143,0.0,0.0,Peter Thome,0.0,0,0,0.0,0.0,0.0,0.0,0.0,0.0,0.0,0.0,0.0,0.0,0.0,0,0.0,0.0,0.0,0.0,0.0,0.0,0.0,0.0,0.0,0.0,0.0,0,1418,6,155,G,Columbus Blue Jackets,0,0,0,0,0,0,2016,0.0
144,0.0,0.0,Mikhail Berdin,0.0,0,0,0.0,0.0,0.0,0.0,0.0,0.0,0.0,0.0,0.0,0.0,0.0,0,0.0,0.0,0.0,0.0,0.0,0.0,0.0,0.0,0.0,0.0,0.0,0,1420,6,157,G,Winnipeg Jets,1,0,0,0,0,0,2016,0.0
145,0.0,0.0,Filip Larsson,0.0,0,0,0.0,0.0,0.0,0.0,0.0,0.0,0.0,0.0,0.0,0.0,0.0,0,0.0,0.0,0.0,0.0,0.0,0.0,0.0,0.0,0.0,0.0,0.0,0,1430,6,167,G,Detroit Red Wings,0,0,0,0,0,0,2016,0.0
146,0.0,0.0,Konstantin Volkov,0.0,0,0,0.0,0.0,0.0,0.0,0.0,0.0,0.0,0.0,0.0,0.0,0.0,0,0.0,0.0,0.0,0.0,0.0,0.0,0.0,0.0,0.0,0.0,0.0,0,1431,6,168,G,Nashville Predators,0,0,0,0,0,0,2016,0.0
147,0.0,0.0,Tyler Wall,0.0,0,0,0.0,0.0,0.0,0.0,0.0,0.0,0.0,0.0,0.0,0.0,0.0,0,0.0,0.0,0.0,0.0,0.0,0.0,0.0,0.0,0.0,0.0,0.0,0,1437,6,174,G,New York Rangers,0,0,0,0,0,0,2016,0.0
148,174.0,26.0,Jake Oettinger,22.0,DAL,G,193.0,184.0,113.0,48.0,23.0,461.0,5293.0,4832.0,0.919,2.36,10.0,1604:082707:363644:533084:35,107.0,0.639,3.0,96.0,2.4,2.58,4.4,0.0,1.0,1.0,4.0,0,1500,1,26,G,Dallas Stars,6,215,0,0,0,0,2017,0.0
149,183.0,83.0,Ukko-Pekka Luukkonen,21.0,BUF,G,100.0,96.0,47.0,41.0,10.0,284.0,2950.0,2666.0,0.917,3.88,5.0,216:42503:041910:133081:14,53.0,0.667,0.0,102.0,-0.3,4.15,0.8,0.0,0.0,0.0,0.0,0,1528,2,54,G,Buffalo Sabres,5,121,0,0,0,0,2017,0.0
150,158.0,88.0,Michael DiPietro,19.0,VAN,G,3.0,2.0,0.0,2.0,0.0,11.0,48.0,37.0,0.857,7.0,0.0,60:008:2357:21,0.0,0.0,1.0,324.0,-4.8,7.0,-0.4,0.0,0.0,0.0,0.0,0,1538,3,64,G,Vancouver Canucks,4,3,0,0,0,0,2017,0.0
151,233.0,92.0,Matt Villalta,24.0,ARI,G,2.0,1.0,0.0,1.0,0.0,5.0,29.0,24.0,0.828,4.17,0.0,71:58,0.0,0.0,1.0,178.0,-2.2,4.17,-0.1,0.0,0.0,0.0,0.0,0,1546,3,72,G,Los Angeles Kings,1,2,0,0,0,0,2017,0.0
152,186.0,95.0,Stuart Skinner,22.0,EDM,G,123.0,118.0,72.0,36.0,10.0,317.0,3494.0,3177.0,0.913,5.03,4.0,59:41734:092903:053361:21,70.0,0.614,0.0,143.0,-1.5,5.03,0.1,0.0,0.0,0.0,0.0,0,1552,3,78,G,Edmonton Oilers,6,144,0,0,0,0,2017,0.0
153,0.0,0.0,Kirill Ustimenko,0.0,0,0,0.0,0.0,0.0,0.0,0.0,0.0,0.0,0.0,0.0,0.0,0.0,0,0.0,0.0,0.0,0.0,0.0,0.0,0.0,0.0,0.0,0.0,0.0,0,1554,3,80,G,Philadelphia Flyers,1,0,0,0,0,0,2017,0.0
154,198.0,91.0,Daniil Tarasov,22.0,CBJ,G,45.0,42.0,12.0,24.0,4.0,137.0,1435.0,1298.0,0.937,2.4,0.0,174:51874:081376:28,22.0,1.0,0.0,68.0,3.3,2.4,1.0,0.0,0.0,0.0,0.0,0,1560,3,86,G,Columbus Blue Jackets,4,54,0,0,0,0,2017,0.0
155,0.0,0.0,Keith Petruzzelli,0.0,0,0,0.0,0.0,0.0,0.0,0.0,0.0,0.0,0.0,0.0,0.0,0.0,0,0.0,0.0,0.0,0.0,0.0,0.0,0.0,0.0,0.0,0.0,0.0,0,1562,3,88,G,Detroit Red Wings,1,0,0,0,0,0,2017,0.0
156,0.0,0.0,Maxim Zhukov,0.0,0,0,0.0,0.0,0.0,0.0,0.0,0.0,0.0,0.0,0.0,0.0,0.0,0,0.0,0.0,0.0,0.0,0.0,0.0,0.0,0.0,0.0,0.0,0.0,0,1570,4,96,G,Vegas Golden Knights,0,0,0,0,0,0,2017,0.0
157,0.0,0.0,Eetu Mäkiniemi,0.0,0,0,0.0,0.0,0.0,0.0,0.0,0.0,0.0,0.0,0.0,0.0,0.0,0,0.0,0.0,0.0,0.0,0.0,0.0,0.0,0.0,0.0,0.0,0.0,0,1578,4,104,G,Carolina Hurricanes,1,2,0,0,0,0,2017,0.0
158,0.0,0.0,Ian Scott,0.0,0,0,0.0,0.0,0.0,0.0,0.0,0.0,0.0,0.0,0.0,0.0,0.0,0,0.0,0.0,0.0,0.0,0.0,0.0,0.0,0.0,0.0,0.0,0.0,0,1584,4,110,G,Toronto Maple Leafs,0,0,0,0,0,0,2017,0.0
159,178.0,67.0,Jeremy Swayman,22.0,BOS,G,132.0,125.0,79.0,33.0,15.0,295.0,3622.0,3327.0,0.945,1.5,12.0,601:432390:142012:592565:51,81.0,0.9,0.0,60.0,10.0,1.6,2.7,0.0,0.0,0.0,0.0,0,1585,4,111,G,Boston Bruins,5,154,0,0,0,0,2017,0.0
160,0.0,0.0,Petr Kvaca,0.0,0,0,0.0,0.0,0.0,0.0,0.0,0.0,0.0,0.0,0.0,0.0,0.0,0,0.0,0.0,0.0,0.0,0.0,0.0,0.0,0.0,0.0,0.0,0.0,0,1588,4,114,G,Colorado Avalanche,0,0,0,0,0,0,2017,0.0
161,168.0,80.0,Gilles Senn,23.0,NJD,G,2.0,1.0,0.0,1.0,0.0,4.0,41.0,37.0,0.902,3.42,0.0,70:05,1.0,1.0,0.0,108.0,-0.3,3.42,0.2,0.0,0.0,0.0,0.0,0,1603,5,129,G,New Jersey Devils,1,2,0,0,0,0,2017,0.0
162,222.0,103.0,Olle Eriksson Ek,23.0,ANA,G,1.0,1.0,0.0,0.0,1.0,5.0,39.0,34.0,0.872,4.69,0.0,63:59,0.0,0.0,0.0,134.0,-1.3,4.69,0.1,0.0,0.0,0.0,0.0,0,1627,5,153,G,Anaheim Ducks,1,1,0,0,0,0,2017,0.0
163,0.0,0.0,Tomas Vomacka,0.0,0,0,0.0,0.0,0.0,0.0,0.0,0.0,0.0,0.0,0.0,0.0,0.0,0,0.0,0.0,0.0,0.0,0.0,0.0,0.0,0.0,0.0,0.0,0.0,0,1628,5,154,G,Nashville Predators,0,0,0,0,0,0,2017,0.0
164,0.0,0.0,Jiri Patera,0.0,0,0,0.0,0.0,0.0,0.0,0.0,0.0,0.0,0.0,0.0,0.0,0.0,0,0.0,0.0,0.0,0.0,0.0,0.0,0.0,0.0,0.0,0.0,0.0,0,1635,6,161,G,Vegas Golden Knights,3,8,0,0,0,0,2017,0.0
165,0.0,0.0,Arvid Holm,0.0,0,0,0.0,0.0,0.0,0.0,0.0,0.0,0.0,0.0,0.0,0.0,0.0,0,0.0,0.0,0.0,0.0,0.0,0.0,0.0,0.0,0.0,0.0,0.0,0,1641,6,167,G,Winnipeg Jets,2,0,0,0,0,0,2017,0.0
166,0.0,0.0,Jordan Hollett,0.0,0,0,0.0,0.0,0.0,0.0,0.0,0.0,0.0,0.0,0.0,0.0,0.0,0,0.0,0.0,0.0,0.0,0.0,0.0,0.0,0.0,0.0,0.0,0.0,0,1657,6,183,G,Ottawa Senators,0,0,0,0,0,0,2017,0.0
167,142.0,88.0,Dylan Ferguson,19.0,VEG,G,3.0,2.0,1.0,1.0,0.0,6.0,85.0,79.0,0.94,6.5,0.0,9:14118:52,1.0,0.0,0.0,570.0,-0.8,6.5,-0.1,0.0,0.0,0.0,0.0,0,1668,7,194,G,Dallas Stars,3,3,0,0,0,0,2017,0.0
168,167.0,79.0,Cayden Primeau,20.0,MTL,G,44.0,38.0,11.0,21.0,6.0,133.0,1252.0,1119.0,0.931,2.52,2.0,119:06201:54519:13138:351324:50,18.0,1.0,0.0,77.0,1.5,2.52,0.6,0.0,0.0,0.0,0.0,0,1673,7,199,G,Montréal Canadiens,6,55,0,0,0,0,2017,0.0
169,0.0,0.0,Olof Lindbom,0.0,0,0,0.0,0.0,0.0,0.0,0.0,0.0,0.0,0.0,0.0,0.0,0.0,0,0.0,0.0,0.0,0.0,0.0,0.0,0.0,0.0,0.0,0.0,0.0,0,1730,2,39,G,New York Rangers,0,0,0,0,0,0,2018,0.0
170,0.0,0.0,Olivier Rodrigue,0.0,0,0,0.0,0.0,0.0,0.0,0.0,0.0,0.0,0.0,0.0,0.0,0.0,0,0.0,0.0,0.0,0.0,0.0,0.0,0.0,0.0,0.0,0.0,0.0,0,1753,2,62,G,Edmonton Oilers,0,0,0,0,0,0,2018,0.0
171,203.0,99.0,Justus Annunen,21.0,COL,G,18.0,15.0,10.0,5.0,2.0,44.0,513.0,469.0,0.928,4.34,2.0,96:46117:20801:05,9.0,0.667,1.0,148.0,-2.3,4.34,0.1,0.0,1.0,1.0,0.0,0,1755,3,64,G,Colorado Avalanche,4,31,0,0,0,0,2018,0.0
172,0.0,0.0,Jakub Skarek,0.0,0,0,0.0,0.0,0.0,0.0,0.0,0.0,0.0,0.0,0.0,0.0,0.0,0,0.0,0.0,0.0,0.0,0.0,0.0,0.0,0.0,0.0,0.0,0.0,0,1763,3,72,G,New York Islanders,0,0,0,0,0,0,2018,0.0
173,0.0,0.0,Jesper Eliasson,0.0,0,0,0.0,0.0,0.0,0.0,0.0,0.0,0.0,0.0,0.0,0.0,0.0,0,0.0,0.0,0.0,0.0,0.0,0.0,0.0,0.0,0.0,0.0,0.0,0,1775,3,84,G,Detroit Red Wings,0,0,0,0,0,0,2018,0.0
174,0.0,0.0,Lukas Dostal,0.0,0,0,0.0,0.0,0.0,0.0,0.0,0.0,0.0,0.0,0.0,0.0,0.0,0,0.0,0.0,0.0,0.0,0.0,0.0,0.0,0.0,0.0,0.0,0.0,0,1776,3,85,G,Anaheim Ducks,4,84,0,0,0,0,2018,0.0
175,204.0,102.0,Joel Hofer,21.0,STL,G,38.0,35.0,19.0,14.0,2.0,95.0,1059.0,964.0,0.913,3.07,1.0,117:09317:121628:39,19.0,0.593,0.0,129.0,-1.3,3.07,0.1,0.0,1.0,1.0,0.0,0,1798,4,107,G,St. Louis Blues,4,48,0,0,0,0,2018,0.0
176,185.0,86.0,Ivan Prosvetov,21.0,ARI,G,24.0,19.0,8.0,9.0,2.0,76.0,637.0,561.0,0.895,4.15,0.0,130:01185:00422:02494:11,8.0,0.5,1.0,192.0,-4.3,4.61,-0.2,0.0,0.0,0.0,0.0,0,1805,4,114,G,Arizona Coyotes,5,24,0,0,0,0,2018,0.0
177,0.0,0.0,Mitchell Gibson,0.0,0,0,0.0,0.0,0.0,0.0,0.0,0.0,0.0,0.0,0.0,0.0,0.0,0,0.0,0.0,0.0,0.0,0.0,0.0,0.0,0.0,0.0,0.0,0.0,0,1815,4,124,G,Washington Capitals,1,0,0,0,0,0,2018,0.0
178,194.0,82.0,Akira Schmid,21.0,NJD,G,43.0,33.0,14.0,18.0,3.0,99.0,979.0,880.0,0.922,4.83,1.0,235:59901:21914:09,14.0,0.643,3.0,179.0,-8.4,5.09,-0.2,0.0,0.0,0.0,0.0,0,1827,5,136,G,New Jersey Devils,4,44,0,0,0,0,2018,0.0
179,211.0,76.0,Samuel Ersson,23.0,PHI,G,63.0,59.0,29.0,22.0,7.0,165.0,1531.0,1366.0,0.899,3.07,5.0,644:552809:28,32.0,0.551,2.0,105.0,-1.7,3.07,1.7,0.0,0.0,0.0,0.0,0,1834,5,143,G,Philadelphia Flyers,3,77,0,0,0,0,2018,0.0
180,0.0,0.0,Dávid Hrenák,0.0,0,0,0.0,0.0,0.0,0.0,0.0,0.0,0.0,0.0,0.0,0.0,0.0,0,0.0,0.0,0.0,0.0,0.0,0.0,0.0,0.0,0.0,0.0,0.0,0,1835,5,144,G,Los Angeles Kings,0,0,0,0,0,0,2018,0.0
181,0.0,0.0,Roman Durný,0.0,0,0,0.0,0.0,0.0,0.0,0.0,0.0,0.0,0.0,0.0,0.0,0.0,0,0.0,0.0,0.0,0.0,0.0,0.0,0.0,0.0,0.0,0.0,0.0,0,1838,5,147,G,Anaheim Ducks,0,0,0,0,0,0,2018,0.0
182,226.0,74.0,Magnus Chrona,23.0,SJS,G,9.0,8.0,1.0,6.0,1.0,37.0,262.0,225.0,0.859,4.71,0.0,471:15,3.0,0.375,5.0,146.0,-11.7,4.84,0.3,0.0,0.0,0.0,0.0,0,1843,5,152,G,Tampa Bay Lightning,1,9,0,0,0,0,2018,0.0
183,215.0,91.0,Kevin Mandolese,22.0,OTT,G,3.0,3.0,1.0,2.0,0.0,10.0,119.0,109.0,0.916,3.29,0.0,182:12,2.0,0.667,0.0,88.0,1.4,3.29,0.8,0.0,0.0,0.0,0.0,0,1848,6,157,G,Ottawa Senators,3,3,0,0,0,0,2018,0.0
184,0.0,0.0,David Tendeck,0.0,0,0,0.0,0.0,0.0,0.0,0.0,0.0,0.0,0.0,0.0,0.0,0.0,0,0.0,0.0,0.0,0.0,0.0,0.0,0.0,0.0,0.0,0.0,0.0,0,1849,6,158,G,Arizona Coyotes,0,0,0,0,0,0,2018,0.0
185,0.0,0.0,Victor Brattström,0.0,0,0,0.0,0.0,0.0,0.0,0.0,0.0,0.0,0.0,0.0,0.0,0.0,0,0.0,0.0,0.0,0.0,0.0,0.0,0.0,0.0,0.0,0.0,0.0,0,1851,6,160,G,Detroit Red Wings,1,0,0,0,0,0,2018,0.0
186,0.0,0.0,Alexis Gravel,0.0,0,0,0.0,0.0,0.0,0.0,0.0,0.0,0.0,0.0,0.0,0.0,0.0,0,0.0,0.0,0.0,0.0,0.0,0.0,0.0,0.0,0.0,0.0,0.0,0,1853,6,162,G,Chicago Blackhawks,0,0,0,0,0,0,2018,0.0
187,0.0,0.0,Veini Vehviläinen,0.0,0,0,0.0,0.0,0.0,0.0,0.0,0.0,0.0,0.0,0.0,0.0,0.0,0,0.0,0.0,0.0,0.0,0.0,0.0,0.0,0.0,0.0,0.0,0.0,0,1864,6,173,G,Columbus Blue Jackets,1,1,0,0,0,0,2018,0.0
188,0.0,0.0,Jacob Ingham,0.0,0,0,0.0,0.0,0.0,0.0,0.0,0.0,0.0,0.0,0.0,0.0,0.0,0,0.0,0.0,0.0,0.0,0.0,0.0,0.0,0.0,0.0,0.0,0.0,0,1866,6,175,G,Los Angeles Kings,1,0,0,0,0,0,2018,0.0
189,0.0,0.0,Zachary Émond,0.0,0,0,0.0,0.0,0.0,0.0,0.0,0.0,0.0,0.0,0.0,0.0,0.0,0,0.0,0.0,0.0,0.0,0.0,0.0,0.0,0.0,0.0,0.0,0.0,0,1867,6,176,G,San Jose Sharks,0,0,0,0,0,0,2018,0.0
190,0.0,0.0,Jared Moe,0.0,0,0,0.0,0.0,0.0,0.0,0.0,0.0,0.0,0.0,0.0,0.0,0.0,0,0.0,0.0,0.0,0.0,0.0,0.0,0.0,0.0,0.0,0.0,0.0,0,1875,6,184,G,Winnipeg Jets,0,0,0,0,0,0,2018,0.0
191,0.0,0.0,Matthew Thiessen,0.0,0,0,0.0,0.0,0.0,0.0,0.0,0.0,0.0,0.0,0.0,0.0,0.0,0,0.0,0.0,0.0,0.0,0.0,0.0,0.0,0.0,0.0,0.0,0.0,0,1883,7,192,G,Vancouver Canucks,0,0,0,0,0,0,2018,0.0
192,0.0,0.0,Jacob Kucharski,0.0,0,0,0.0,0.0,0.0,0.0,0.0,0.0,0.0,0.0,0.0,0.0,0.0,0,0.0,0.0,0.0,0.0,0.0,0.0,0.0,0.0,0.0,0.0,0.0,0,1888,7,197,G,Carolina Hurricanes,0,0,0,0,0,0,2018,0.0
193,0.0,0.0,Shamil Shmakov,0.0,0,0,0.0,0.0,0.0,0.0,0.0,0.0,0.0,0.0,0.0,0.0,0.0,0,0.0,0.0,0.0,0.0,0.0,0.0,0.0,0.0,0.0,0.0,0.0,0,1893,7,202,G,Colorado Avalanche,0,0,0,0,0,0,2018,0.0
194,0.0,0.0,Jordan Kooy,0.0,0,0,0.0,0.0,0.0,0.0,0.0,0.0,0.0,0.0,0.0,0.0,0.0,0,0.0,0.0,0.0,0.0,0.0,0.0,0.0,0.0,0.0,0.0,0.0,0,1899,7,208,G,Vegas Golden Knights,0,0,0,0,0,0,2018,0.0
195,0.0,0.0,Zach Bouthillier,0.0,0,0,0.0,0.0,0.0,0.0,0.0,0.0,0.0,0.0,0.0,0.0,0.0,0,0.0,0.0,0.0,0.0,0.0,0.0,0.0,0.0,0.0,0.0,0.0,0,1900,7,209,G,Toronto Maple Leafs,0,0,0,0,0,0,2018,0.0
196,0.0,0.0,Milan Kloucek,0.0,0,0,0.0,0.0,0.0,0.0,0.0,0.0,0.0,0.0,0.0,0.0,0.0,0,0.0,0.0,0.0,0.0,0.0,0.0,0.0,0.0,0.0,0.0,0.0,0,1904,7,213,G,Nashville Predators,0,0,0,0,0,0,2018,0.0
197,0.0,0.0,Ty Taylor,0.0,0,0,0.0,0.0,0.0,0.0,0.0,0.0,0.0,0.0,0.0,0.0,0.0,0,0.0,0.0,0.0,0.0,0.0,0.0,0.0,0.0,0.0,0.0,0.0,0,1905,7,214,G,Tampa Bay Lightning,0,0,0,0,0,0,2018,0.0
198,182.0,82.0,Spencer Knight,19.0,FLA,G,57.0,49.0,32.0,17.0,6.0,151.0,1602.0,1451.0,0.919,2.32,3.0,206:541740:141168:45,23.0,0.519,0.0,88.0,1.1,2.61,0.7,0.0,0.0,0.0,0.0,0,1921,1,13,G,Florida Panthers,4,69,0,0,0,0,2019,0.0
199,201.0,95.0,Pyotr Kochetkov,22.0,CAR,G,69.0,65.0,38.0,20.0,9.0,155.0,1719.0,1564.0,0.911,2.42,8.0,148:361403:562371:29,38.0,1.0,0.0,106.0,-0.3,2.42,0.3,0.0,0.0,0.0,0.0,0,1944,2,36,G,Carolina Hurricanes,4,87,0,0,0,0,2019,0.0
200,0.0,0.0,Mads Søgaard,0.0,0,0,0.0,0.0,0.0,0.0,0.0,0.0,0.0,0.0,0.0,0.0,0.0,0,0.0,0.0,0.0,0.0,0.0,0.0,0.0,0.0,0.0,0.0,0.0,0,1945,2,37,G,Ottawa Senators,4,28,0,0,0,0,2019,0.0
201,0.0,0.0,Hunter Jones,0.0,0,0,0.0,0.0,0.0,0.0,0.0,0.0,0.0,0.0,0.0,0.0,0.0,0,0.0,0.0,0.0,0.0,0.0,0.0,0.0,0.0,0.0,0.0,0.0,0,1967,2,59,G,Minnesota Wild,0,0,0,0,0,0,2019,0.0
202,0.0,0.0,Erik Portillo,0.0,0,0,0.0,0.0,0.0,0.0,0.0,0.0,0.0,0.0,0.0,0.0,0.0,0,0.0,0.0,0.0,0.0,0.0,0.0,0.0,0.0,0.0,0.0,0.0,0,1975,3,67,G,Buffalo Sabres,1,1,0,0,0,0,2019,0.0
203,207.0,111.0,Hugo Alnefelt,20.0,TBL,G,1.0,0.0,0.0,0.0,0.0,3.0,10.0,7.0,0.7,9.0,0.0,20:00,0.0,0.0,0.0,323.0,-2.1,9.0,-0.2,0.0,0.0,0.0,0.0,0,1979,3,71,G,Tampa Bay Lightning,1,1,0,0,0,0,2019,0.0
204,0.0,0.0,Ilya Konovalov,0.0,0,0,0.0,0.0,0.0,0.0,0.0,0.0,0.0,0.0,0.0,0.0,0.0,0,0.0,0.0,0.0,0.0,0.0,0.0,0.0,0.0,0.0,0.0,0.0,0,1993,3,85,G,Edmonton Oilers,1,0,0,0,0,0,2019,0.0
205,0.0,0.0,Lukas Parik,0.0,0,0,0.0,0.0,0.0,0.0,0.0,0.0,0.0,0.0,0.0,0.0,0.0,0,0.0,0.0,0.0,0.0,0.0,0.0,0.0,0.0,0.0,0.0,0.0,0,1995,3,87,G,Los Angeles Kings,0,0,0,0,0,0,2019,0.0
206,0.0,0.0,Colten Ellis,0.0,0,0,0.0,0.0,0.0,0.0,0.0,0.0,0.0,0.0,0.0,0.0,0.0,0,0.0,0.0,0.0,0.0,0.0,0.0,0.0,0.0,0.0,0.0,0.0,0,2001,3,93,G,St. Louis Blues,0,0,0,0,0,0,2019,0.0
207,0.0,0.0,Cole Brady,0.0,0,0,0.0,0.0,0.0,0.0,0.0,0.0,0.0,0.0,0.0,0.0,0.0,0,0.0,0.0,0.0,0.0,0.0,0.0,0.0,0.0,0.0,0.0,0.0,0,2035,5,127,G,New Jersey Devils,0,0,0,0,0,0,2019,0.0
208,0.0,0.0,Isaiah Saville,0.0,0,0,0.0,0.0,0.0,0.0,0.0,0.0,0.0,0.0,0.0,0.0,0.0,0,0.0,0.0,0.0,0.0,0.0,0.0,0.0,0.0,0.0,0.0,0.0,0,2043,5,135,G,Vegas Golden Knights,1,0,0,0,0,0,2019,0.0
209,0.0,0.0,Frederik Dichow,0.0,0,0,0.0,0.0,0.0,0.0,0.0,0.0,0.0,0.0,0.0,0.0,0.0,0,0.0,0.0,0.0,0.0,0.0,0.0,0.0,0.0,0.0,0.0,0.0,0,2046,5,138,G,Montréal Canadiens,0,0,0,0,0,0,2019,0.0
210,0.0,0.0,Logan Neaton,0.0,0,0,0.0,0.0,0.0,0.0,0.0,0.0,0.0,0.0,0.0,0.0,0.0,0,0.0,0.0,0.0,0.0,0.0,0.0,0.0,0.0,0.0,0.0,0.0,0,2052,5,144,G,Winnipeg Jets,0,0,0,0,0,0,2019,0.0
211,0.0,0.0,Ethan Haider,0.0,0,0,0.0,0.0,0.0,0.0,0.0,0.0,0.0,0.0,0.0,0.0,0.0,0,0.0,0.0,0.0,0.0,0.0,0.0,0.0,0.0,0.0,0.0,0.0,0,2056,5,148,G,Nashville Predators,0,0,0,0,0,0,2019,0.0
212,214.0,86.0,Arturs Silovs,21.0,VAN,G,9.0,9.0,6.0,2.0,1.0,24.0,236.0,212.0,0.908,2.75,0.0,305:56243:13,6.0,0.8,1.0,96.0,0.6,2.75,0.9,0.0,0.0,0.0,0.0,0,2064,6,156,G,Vancouver Canucks,5,16,0,0,0,0,2019,0.0
213,0.0,0.0,Dominic Basse,0.0,0,0,0.0,0.0,0.0,0.0,0.0,0.0,0.0,0.0,0.0,0.0,0.0,0,0.0,0.0,0.0,0.0,0.0,0.0,0.0,0.0,0.0,0.0,0.0,0,2075,6,167,G,Chicago Blackhawks,0,0,0,0,0,0,2019,0.0
214,0.0,0.0,Roddy Ross,0.0,0,0,0.0,0.0,0.0,0.0,0.0,0.0,0.0,0.0,0.0,0.0,0.0,0,0.0,0.0,0.0,0.0,0.0,0.0,0.0,0.0,0.0,0.0,0.0,0,2077,6,169,G,Philadelphia Flyers,0,0,0,0,0,0,2019,0.0
215,0.0,0.0,Carter Gylander,0.0,0,0,0.0,0.0,0.0,0.0,0.0,0.0,0.0,0.0,0.0,0.0,0.0,0,0.0,0.0,0.0,0.0,0.0,0.0,0.0,0.0,0.0,0.0,0.0,0,2099,7,191,G,Detroit Red Wings,0,0,0,0,0,0,2019,0.0
216,0.0,0.0,Filip Lindberg,0.0,0,0,0.0,0.0,0.0,0.0,0.0,0.0,0.0,0.0,0.0,0.0,0.0,0,0.0,0.0,0.0,0.0,0.0,0.0,0.0,0.0,0.0,0.0,0.0,0,2105,7,197,G,Minnesota Wild,0,0,0,0,0,0,2019,0.0
217,0.0,0.0,Trent Miner,0.0,0,0,0.0,0.0,0.0,0.0,0.0,0.0,0.0,0.0,0.0,0.0,0.0,0,0.0,0.0,0.0,0.0,0.0,0.0,0.0,0.0,0.0,0.0,0.0,0,2110,7,202,G,Colorado Avalanche,1,1,0,0,0,0,2019,0.0
218,0.0,0.0,Vadim Zherenko,0.0,0,0,0.0,0.0,0.0,0.0,0.0,0.0,0.0,0.0,0.0,0.0,0.0,0,0.0,0.0,0.0,0.0,0.0,0.0,0.0,0.0,0.0,0.0,0.0,0,2116,7,208,G,St. Louis Blues,1,0,0,0,0,0,2019,0.0
219,225.0,107.0,Dustin Wolf,21.0,CGY,G,18.0,16.0,8.0,7.0,1.0,51.0,491.0,440.0,0.958,1.0,0.0,59:54950:30,8.0,1.0,0.0,44.0,1.3,1.0,0.3,0.0,0.0,0.0,0.0,0,2122,7,214,G,Calgary Flames,4,33,0,0,0,0,2019,0.0
220,220.0,101.0,Yaroslav Askarov,20.0,NSH,G,3.0,2.0,1.0,1.0,0.0,6.0,70.0,64.0,0.943,4.15,0.0,57:5081:40,1.0,1.0,0.0,119.0,-0.6,4.15,0.1,0.0,0.0,0.0,0.0,0,2136,1,11,G,Nashville Predators,3,5,0,0,0,0,2020,0.0
221,0.0,0.0,Drew Commesso,0.0,0,0,0.0,0.0,0.0,0.0,0.0,0.0,0.0,0.0,0.0,0.0,0.0,0,0.0,0.0,0.0,0.0,0.0,0.0,0.0,0.0,0.0,0.0,0.0,0,2171,2,46,G,Chicago Blackhawks,1,2,0,0,0,0,2020,0.0
222,0.0,0.0,Joel Blomqvist,0.0,0,0,0.0,0.0,0.0,0.0,0.0,0.0,0.0,0.0,0.0,0.0,0.0,0,0.0,0.0,0.0,0.0,0.0,0.0,0.0,0.0,0.0,0.0,0.0,0,2177,2,52,G,Pittsburgh Penguins,2,8,0,0,0,0,2020,0.0
223,0.0,0.0,Leevi Meriläinen,0.0,0,0,0.0,0.0,0.0,0.0,0.0,0.0,0.0,0.0,0.0,0.0,0.0,0,0.0,0.0,0.0,0.0,0.0,0.0,0.0,0.0,0.0,0.0,0.0,0,2196,3,71,G,Ottawa Senators,3,2,0,0,0,0,2020,0.0
224,0.0,0.0,Calle Clang,0.0,0,0,0.0,0.0,0.0,0.0,0.0,0.0,0.0,0.0,0.0,0.0,0.0,0,0.0,0.0,0.0,0.0,0.0,0.0,0.0,0.0,0.0,0.0,0.0,0,2202,3,77,G,Pittsburgh Penguins,1,0,0,0,0,0,2020,0.0
225,191.0,52.0,Nico Daws,21.0,NJD,G,46.0,43.0,19.0,22.0,1.0,126.0,1185.0,1059.0,0.894,3.11,0.0,1271:321144:03,17.0,0.5,7.0,115.0,-8.6,3.21,2.5,0.0,0.0,0.0,0.0,0,2209,3,84,G,New Jersey Devils,3,46,0,0,0,0,2020,0.0
226,0.0,0.0,Daniil Chechelev,0.0,0,0,0.0,0.0,0.0,0.0,0.0,0.0,0.0,0.0,0.0,0.0,0.0,0,0.0,0.0,0.0,0.0,0.0,0.0,0.0,0.0,0.0,0.0,0.0,0,2221,4,96,G,Calgary Flames,0,0,0,0,0,0,2020,0.0
227,0.0,0.0,Dylan Garand,0.0,0,0,0.0,0.0,0.0,0.0,0.0,0.0,0.0,0.0,0.0,0.0,0.0,0,0.0,0.0,0.0,0.0,0.0,0.0,0.0,0.0,0.0,0.0,0.0,0,2228,4,103,G,New York Rangers,2,0,0,0,0,0,2020,0.0
228,0.0,0.0,Artur Akhtyamov,0.0,0,0,0.0,0.0,0.0,0.0,0.0,0.0,0.0,0.0,0.0,0.0,0.0,0,0.0,0.0,0.0,0.0,0.0,0.0,0.0,0.0,0.0,0.0,0.0,0,2231,4,106,G,Toronto Maple Leafs,0,0,0,0,0,0,2020,0.0
229,0.0,0.0,Jan Bednar,0.0,0,0,0.0,0.0,0.0,0.0,0.0,0.0,0.0,0.0,0.0,0.0,0.0,0,0.0,0.0,0.0,0.0,0.0,0.0,0.0,0.0,0.0,0.0,0.0,0,2232,4,107,G,Detroit Red Wings,0,0,0,0,0,0,2020,0.0
230,0.0,0.0,Juho Markkanen,0.0,0,0,0.0,0.0,0.0,0.0,0.0,0.0,0.0,0.0,0.0,0.0,0.0,0,0.0,0.0,0.0,0.0,0.0,0.0,0.0,0.0,0.0,0.0,0.0,0,2237,4,112,G,Los Angeles Kings,0,0,0,0,0,0,2020,0.0
231,0.0,0.0,Jesper Vikman,0.0,0,0,0.0,0.0,0.0,0.0,0.0,0.0,0.0,0.0,0.0,0.0,0.0,0,0.0,0.0,0.0,0.0,0.0,0.0,0.0,0.0,0.0,0.0,0.0,0,2250,5,125,G,Vegas Golden Knights,0,0,0,0,0,0,2020,0.0
232,0.0,0.0,Jakub Dobes,0.0,0,0,0.0,0.0,0.0,0.0,0.0,0.0,0.0,0.0,0.0,0.0,0.0,0,0.0,0.0,0.0,0.0,0.0,0.0,0.0,0.0,0.0,0.0,0.0,0,2261,5,136,G,Montréal Canadiens,0,0,0,0,0,0,2020,0.0
233,0.0,0.0,Will Cranley,0.0,0,0,0.0,0.0,0.0,0.0,0.0,0.0,0.0,0.0,0.0,0.0,0.0,0,0.0,0.0,0.0,0.0,0.0,0.0,0.0,0.0,0.0,0.0,0.0,0,2288,6,163,G,St. Louis Blues,0,0,0,0,0,0,2020,0.0
234,0.0,0.0,Garin Bjorklund,0.0,0,0,0.0,0.0,0.0,0.0,0.0,0.0,0.0,0.0,0.0,0.0,0.0,0,0.0,0.0,0.0,0.0,0.0,0.0,0.0,0.0,0.0,0.0,0.0,0,2304,6,179,G,Washington Capitals,0,0,0,0,0,0,2020,0.0
235,0.0,0.0,Rémi Poirier,0.0,0,0,0.0,0.0,0.0,0.0,0.0,0.0,0.0,0.0,0.0,0.0,0.0,0,0.0,0.0,0.0,0.0,0.0,0.0,0.0,0.0,0.0,0.0,0.0,0,2310,6,185,G,Dallas Stars,1,0,0,0,0,0,2020,0.0
236,0.0,0.0,Amir Miftakhov,0.0,0,0,0.0,0.0,0.0,0.0,0.0,0.0,0.0,0.0,0.0,0.0,0.0,0,0.0,0.0,0.0,0.0,0.0,0.0,0.0,0.0,0.0,0.0,0.0,0,2311,6,186,G,Tampa Bay Lightning,0,0,0,0,0,0,2020,0.0
237,0.0,0.0,Hugo Ollas,0.0,0,0,0.0,0.0,0.0,0.0,0.0,0.0,0.0,0.0,0.0,0.0,0.0,0,0.0,0.0,0.0,0.0,0.0,0.0,0.0,0.0,0.0,0.0,0.0,0,2322,7,197,G,New York Rangers,0,0,0,0,0,0,2020,0.0
238,212.0,80.0,Devon Levi,21.0,BUF,G,30.0,28.0,15.0,10.0,2.0,88.0,888.0,800.0,0.905,2.94,0.0,429:011294:54,15.0,0.714,1.0,99.0,0.3,2.94,1.3,0.0,0.0,0.0,0.0,0,2337,7,212,G,Florida Panthers,3,38,0,0,0,0,2020,0.0
239,0.0,0.0,Henrik Tikkanen,0.0,0,0,0.0,0.0,0.0,0.0,0.0,0.0,0.0,0.0,0.0,0.0,0.0,0,0.0,0.0,0.0,0.0,0.0,0.0,0.0,0.0,0.0,0.0,0.0,0,2339,7,214,G,New York Islanders,0,0,0,0,0,0,2020,0.0
240,0.0,0.0,Sebastian Cossa,0.0,0,0,0.0,0.0,0.0,0.0,0.0,0.0,0.0,0.0,0.0,0.0,0.0,0,0.0,0.0,0.0,0.0,0.0,0.0,0.0,0.0,0.0,0.0,0.0,0,2357,1,15,G,Detroit Red Wings,1,1,0,0,0,0,2021,0.0
241,231.0,88.0,Jesper Wallstedt,21.0,MIN,G,3.0,3.0,2.0,1.0,0.0,9.0,87.0,78.0,0.897,3.01,1.0,179:17,2.0,0.667,1.0,107.0,-0.6,3.01,0.4,0.0,0.0,0.0,0.0,0,2362,1,20,G,Minnesota Wild,2,4,0,0,0,0,2021,0.0
242,0.0,0.0,Aleksei Kolosov,0.0,0,0,0.0,0.0,0.0,0.0,0.0,0.0,0.0,0.0,0.0,0.0,0.0,0,0.0,0.0,0.0,0.0,0.0,0.0,0.0,0.0,0.0,0.0,0.0,0,2419,3,78,G,Philadelphia Flyers,1,10,0,0,0,0,2021,0.0
243,0.0,0.0,Ben Gaudreau,0.0,0,0,0.0,0.0,0.0,0.0,0.0,0.0,0.0,0.0,0.0,0.0,0.0,0,0.0,0.0,0.0,0.0,0.0,0.0,0.0,0.0,0.0,0.0,0.0,0,2422,3,81,G,San Jose Sharks,0,0,0,0,0,0,2021,0.0
244,0.0,0.0,Patrik Hamrla,0.0,0,0,0.0,0.0,0.0,0.0,0.0,0.0,0.0,0.0,0.0,0.0,0.0,0,0.0,0.0,0.0,0.0,0.0,0.0,0.0,0.0,0.0,0.0,0.0,0,2424,3,83,G,Carolina Hurricanes,0,0,0,0,0,0,2021,0.0
245,0.0,0.0,Tristan Lennox,0.0,0,0,0.0,0.0,0.0,0.0,0.0,0.0,0.0,0.0,0.0,0.0,0.0,0,0.0,0.0,0.0,0.0,0.0,0.0,0.0,0.0,0.0,0.0,0.0,0,2434,3,93,G,New York Islanders,0,0,0,0,0,0,2021,0.0
246,0.0,0.0,Jakub Málek,0.0,0,0,0.0,0.0,0.0,0.0,0.0,0.0,0.0,0.0,0.0,0.0,0.0,0,0.0,0.0,0.0,0.0,0.0,0.0,0.0,0.0,0.0,0.0,0.0,0,2441,4,100,G,New Jersey Devils,0,0,0,0,0,0,2021,0.0
247,0.0,0.0,Talyn Boyko,0.0,0,0,0.0,0.0,0.0,0.0,0.0,0.0,0.0,0.0,0.0,0.0,0.0,0,0.0,0.0,0.0,0.0,0.0,0.0,0.0,0.0,0.0,0.0,0.0,0,2453,4,112,G,New York Rangers,0,0,0,0,0,0,2021,0.0
248,0.0,0.0,Philip Svedebäck,0.0,0,0,0.0,0.0,0.0,0.0,0.0,0.0,0.0,0.0,0.0,0.0,0.0,0,0.0,0.0,0.0,0.0,0.0,0.0,0.0,0.0,0.0,0.0,0.0,0,2458,4,117,G,Boston Bruins,0,0,0,0,0,0,2021,0.0
249,0.0,0.0,Rasmus Korhonen,0.0,0,0,0.0,0.0,0.0,0.0,0.0,0.0,0.0,0.0,0.0,0.0,0.0,0,0.0,0.0,0.0,0.0,0.0,0.0,0.0,0.0,0.0,0.0,0.0,0,2463,4,122,G,Arizona Coyotes,0,0,0,0,0,0,2021,0.0
250,0.0,0.0,Aku Koskenvuo,0.0,0,0,0.0,0.0,0.0,0.0,0.0,0.0,0.0,0.0,0.0,0.0,0.0,0,0.0,0.0,0.0,0.0,0.0,0.0,0.0,0.0,0.0,0.0,0.0,0,2478,5,137,G,Vancouver Canucks,0,0,0,0,0,0,2021,0.0
251,0.0,0.0,Gage Alexander,0.0,0,0,0.0,0.0,0.0,0.0,0.0,0.0,0.0,0.0,0.0,0.0,0.0,0,0.0,0.0,0.0,0.0,0.0,0.0,0.0,0.0,0.0,0.0,0.0,0,2489,5,148,G,Anaheim Ducks,0,0,0,0,0,0,2021,0.0
252,0.0,0.0,Kirill Gerasimyuk,0.0,0,0,0.0,0.0,0.0,0.0,0.0,0.0,0.0,0.0,0.0,0.0,0.0,0,0.0,0.0,0.0,0.0,0.0,0.0,0.0,0.0,0.0,0.0,0.0,0,2493,5,152,G,Florida Panthers,0,0,0,0,0,0,2021,0.0
253,0.0,0.0,Semyon Vyazovoy,0.0,0,0,0.0,0.0,0.0,0.0,0.0,0.0,0.0,0.0,0.0,0.0,0.0,0,0.0,0.0,0.0,0.0,0.0,0.0,0.0,0.0,0.0,0.0,0.0,0,2504,6,163,G,Seattle Kraken,0,0,0,0,0,0,2021,0.0
254,0.0,0.0,Chase Clark,0.0,0,0,0.0,0.0,0.0,0.0,0.0,0.0,0.0,0.0,0.0,0.0,0.0,0,0.0,0.0,0.0,0.0,0.0,0.0,0.0,0.0,0.0,0.0,0.0,0,2524,6,183,G,Washington Capitals,0,0,0,0,0,0,2021,0.0
255,0.0,0.0,Vyacheslav Peksa,0.0,0,0,0.0,0.0,0.0,0.0,0.0,0.0,0.0,0.0,0.0,0.0,0.0,0,0.0,0.0,0.0,0.0,0.0,0.0,0.0,0.0,0.0,0.0,0.0,0,2526,6,185,G,Toronto Maple Leafs,0,0,0,0,0,0,2021,0.0
256,0.0,0.0,Nikita Quapp,0.0,0,0,0.0,0.0,0.0,0.0,0.0,0.0,0.0,0.0,0.0,0.0,0.0,0,0.0,0.0,0.0,0.0,0.0,0.0,0.0,0.0,0.0,0.0,0.0,0,2528,6,187,G,Carolina Hurricanes,0,0,0,0,0,0,2021,0.0
257,0.0,0.0,Yegor Naumov,0.0,0,0,0.0,0.0,0.0,0.0,0.0,0.0,0.0,0.0,0.0,0.0,0.0,0,0.0,0.0,0.0,0.0,0.0,0.0,0.0,0.0,0.0,0.0,0.0,0,2541,7,200,G,Carolina Hurricanes,0,0,0,0,0,0,2021,0.0
258,0.0,0.0,Arseni Sergeyev,0.0,0,0,0.0,0.0,0.0,0.0,0.0,0.0,0.0,0.0,0.0,0.0,0.0,0,0.0,0.0,0.0,0.0,0.0,0.0,0.0,0.0,0.0,0.0,0.0,0,2546,7,205,G,Calgary Flames,0,0,0,0,0,0,2021,0.0
259,0.0,0.0,Joe Vrbetic,0.0,0,0,0.0,0.0,0.0,0.0,0.0,0.0,0.0,0.0,0.0,0.0,0.0,0,0.0,0.0,0.0,0.0,0.0,0.0,0.0,0.0,0.0,0.0,0.0,0,2555,7,214,G,Montréal Canadiens,0,0,0,0,0,0,2021,0.0
260,0.0,0.0,Carl Lindbom,0.0,0,0,0.0,0.0,0.0,0.0,0.0,0.0,0.0,0.0,0.0,0.0,0.0,0,0.0,0.0,0.0,0.0,0.0,0.0,0.0,0.0,0.0,0.0,0.0,0,2563,7,222,G,Vegas Golden Knights,0,0,0,0,0,0,2021,0.0
